Domain Code,Domain,Area Code (M49),Area,Element Code,Element,Item Code,Item,Year Code,Year,Unit,Value,Flag,Flag Description,Note
"MK","Macro Indicators","004","Afghanistan","6119","Value US$ per capita","22008","Gross Domestic Product","2019","2019","US$","496.940553","X","Figure from international organizations",""
"MK","Macro Indicators","004","Afghanistan","6119","Value US$ per capita","22008","Gross Domestic Product","2020","2020","US$","508.453722","X","Figure from international organizations",""
"MK","Macro Indicators","008","Albania","6119","Value US$ per capita","22008","Gross Domestic Product","2019","2019","US$","5345.602513","X","Figure from international organizations",""
"MK","Macro Indicators","008","Albania","6119","Value US$ per capita","22008","Gross Domestic Product","2020","2020","US$","5180.914198","X","Figure from international organizations",""
"MK","Macro Indicators","012","Algeria","6119","Value US$ per capita","22008","Gross Domestic Product","2019","2019","US$","3975.519002","X","Figure from international organizations",""
"MK","Macro Indicators","012","Algeria","6119","Value US$ per capita","22008","Gross Domestic Product","2020","2020","US$","3367.963003","X","Figure from international organizations",""
"MK","Macro Indicators","020","Andorra","6119","Value US$ per capita","22008","Gross Domestic Product","2019","2019","US$","40900.53859","X","Figure from international organizations",""
"MK","Macro Indicators","020","Andorra","6119","Value US$ per capita","22008","Gross Domestic Product","2020","2020","US$","37072.405384","X","Figure from international organizations",""
"MK","Macro Indicators","024","Angola","6119","Value US$ per capita","22008","Gross Domestic Product","2019","2019","US$","2809.626403","X","Figure from international organizations",""
"MK","Macro Indicators","024","Angola","6119","Value US$ per capita","22008","Gross Domestic Product","2020","2020","US$","1895.770703","X","Figure from international organizations",""
"MK","Macro Indicators","660","Anguilla","6119","Value US$ per capita","22008","Gross Domestic Product","2019","2019","US$","25336.581453","X","Figure from international organizations",""
"MK","Macro Indicators","660","Anguilla","6119","Value US$ per capita","22008","Gross Domestic Product","2020","2020","US$","17225.937529","X","Figure from international organizations",""
"MK","Macro Indicators","028","Antigua and Barbuda","6119","Value US$ per capita","22008","Gross Domestic Product","2019","2019","US$","17376.112907","X","Figure from international organizations",""
"MK","Macro Indicators","028","Antigua and Barbuda","6119","Value US$ per capita","22008","Gross Domestic Product","2020","2020","US$","13993.320179","X","Figure from international organizations",""
"MK","Macro Indicators","032","Argentina","6119","Value US$ per capita","22008","Gross Domestic Product","2019","2019","US$","9947.264856","X","Figure from international organizations",""
"MK","Macro Indicators","032","Argentina","6119","Value US$ per capita","22008","Gross Domestic Product","2020","2020","US$","8475.729582","X","Figure from international organizations",""
"MK","Macro Indicators","051","Armenia","6119","Value US$ per capita","22008","Gross Domestic Product","2019","2019","US$","4604.641377","X","Figure from international organizations",""
"MK","Macro Indicators","051","Armenia","6119","Value US$ per capita","22008","Gross Domestic Product","2020","2020","US$","4266.005479","X","Figure from international organizations",""
"MK","Macro Indicators","533","Aruba","6119","Value US$ per capita","22008","Gross Domestic Product","2019","2019","US$","31136.110954","X","Figure from international organizations",""
"MK","Macro Indicators","533","Aruba","6119","Value US$ per capita","22008","Gross Domestic Product","2020","2020","US$","23385.638671","X","Figure from international organizations",""
"MK","Macro Indicators","036","Australia","6119","Value US$ per capita","22008","Gross Domestic Product","2019","2019","US$","54763.202388","X","Figure from international organizations",""
"MK","Macro Indicators","036","Australia","6119","Value US$ per capita","22008","Gross Domestic Product","2020","2020","US$","55822.712845","X","Figure from international organizations",""
"MK","Macro Indicators","040","Austria","6119","Value US$ per capita","22008","Gross Domestic Product","2019","2019","US$","49693.668783","X","Figure from international organizations",""
"MK","Macro Indicators","040","Austria","6119","Value US$ per capita","22008","Gross Domestic Product","2020","2020","US$","48105.631983","X","Figure from international organizations",""
"MK","Macro Indicators","031","Azerbaijan","6119","Value US$ per capita","22008","Gross Domestic Product","2019","2019","US$","4794.54492","X","Figure from international organizations",""
"MK","Macro Indicators","031","Azerbaijan","6119","Value US$ per capita","22008","Gross Domestic Product","2020","2020","US$","4202.232239","X","Figure from international organizations",""
"MK","Macro Indicators","044","Bahamas","6119","Value US$ per capita","22008","Gross Domestic Product","2019","2019","US$","33799.839641","X","Figure from international organizations",""
"MK","Macro Indicators","044","Bahamas","6119","Value US$ per capita","22008","Gross Domestic Product","2020","2020","US$","25194.289197","X","Figure from international organizations",""
"MK","Macro Indicators","048","Bahrain","6119","Value US$ per capita","22008","Gross Domestic Product","2019","2019","US$","23442.830854","X","Figure from international organizations",""
"MK","Macro Indicators","048","Bahrain","6119","Value US$ per capita","22008","Gross Domestic Product","2020","2020","US$","19925.001599","X","Figure from international organizations",""
"MK","Macro Indicators","050","Bangladesh","6119","Value US$ per capita","22008","Gross Domestic Product","2019","2019","US$","1846.416377","X","Figure from international organizations",""
"MK","Macro Indicators","050","Bangladesh","6119","Value US$ per capita","22008","Gross Domestic Product","2020","2020","US$","2000.640157","X","Figure from international organizations",""
"MK","Macro Indicators","052","Barbados","6119","Value US$ per capita","22008","Gross Domestic Product","2019","2019","US$","18458.148245","X","Figure from international organizations",""
"MK","Macro Indicators","052","Barbados","6119","Value US$ per capita","22008","Gross Domestic Product","2020","2020","US$","15449.237002","X","Figure from international organizations",""
"MK","Macro Indicators","112","Belarus","6119","Value US$ per capita","22008","Gross Domestic Product","2019","2019","US$","6814.152439","X","Figure from international organizations",""
"MK","Macro Indicators","112","Belarus","6119","Value US$ per capita","22008","Gross Domestic Product","2020","2020","US$","6377.055432","X","Figure from international organizations",""
"MK","Macro Indicators","056","Belgium","6119","Value US$ per capita","22008","Gross Domestic Product","2019","2019","US$","46388.205209","X","Figure from international organizations",""
"MK","Macro Indicators","056","Belgium","6119","Value US$ per capita","22008","Gross Domestic Product","2020","2020","US$","45028.323405","X","Figure from international organizations",""
"MK","Macro Indicators","084","Belize","6119","Value US$ per capita","22008","Gross Domestic Product","2019","2019","US$","4983.310582","X","Figure from international organizations",""
"MK","Macro Indicators","084","Belize","6119","Value US$ per capita","22008","Gross Domestic Product","2020","2020","US$","3987.726394","X","Figure from international organizations",""
"MK","Macro Indicators","204","Benin","6119","Value US$ per capita","22008","Gross Domestic Product","2019","2019","US$","1219.515479","X","Figure from international organizations",""
"MK","Macro Indicators","204","Benin","6119","Value US$ per capita","22008","Gross Domestic Product","2020","2020","US$","1254.212589","X","Figure from international organizations",""
"MK","Macro Indicators","060","Bermuda","6119","Value US$ per capita","22008","Gross Domestic Product","2019","2019","US$","119734.313506","X","Figure from international organizations",""
"MK","Macro Indicators","060","Bermuda","6119","Value US$ per capita","22008","Gross Domestic Product","2020","2020","US$","123944.906901","X","Figure from international organizations",""
"MK","Macro Indicators","064","Bhutan","6119","Value US$ per capita","22008","Gross Domestic Product","2019","2019","US$","3316.191236","X","Figure from international organizations",""
"MK","Macro Indicators","064","Bhutan","6119","Value US$ per capita","22008","Gross Domestic Product","2020","2020","US$","3217.962935","X","Figure from international organizations",""
"MK","Macro Indicators","068","Bolivia (Plurinational State of)","6119","Value US$ per capita","22008","Gross Domestic Product","2019","2019","US$","3552.06876","X","Figure from international organizations",""
"MK","Macro Indicators","068","Bolivia (Plurinational State of)","6119","Value US$ per capita","22008","Gross Domestic Product","2020","2020","US$","3133.10195","X","Figure from international organizations",""
"MK","Macro Indicators","070","Bosnia and Herzegovina","6119","Value US$ per capita","22008","Gross Domestic Product","2019","2019","US$","6120.156351","X","Figure from international organizations",""
"MK","Macro Indicators","070","Bosnia and Herzegovina","6119","Value US$ per capita","22008","Gross Domestic Product","2020","2020","US$","6035.475569","X","Figure from international organizations",""
"MK","Macro Indicators","072","Botswana","6119","Value US$ per capita","22008","Gross Domestic Product","2019","2019","US$","7970.842173","X","Figure from international organizations",""
"MK","Macro Indicators","072","Botswana","6119","Value US$ per capita","22008","Gross Domestic Product","2020","2020","US$","6710.960147","X","Figure from international organizations",""
"MK","Macro Indicators","076","Brazil","6119","Value US$ per capita","22008","Gross Domestic Product","2019","2019","US$","8936.360101","X","Figure from international organizations",""
"MK","Macro Indicators","076","Brazil","6119","Value US$ per capita","22008","Gross Domestic Product","2020","2020","US$","6796.844058","X","Figure from international organizations",""
"MK","Macro Indicators","092","British Virgin Islands","6119","Value US$ per capita","22008","Gross Domestic Product","2019","2019","US$","47913.516184","X","Figure from international organizations",""
"MK","Macro Indicators","092","British Virgin Islands","6119","Value US$ per capita","22008","Gross Domestic Product","2020","2020","US$","49357.19308","X","Figure from international organizations",""
"MK","Macro Indicators","096","Brunei Darussalam","6119","Value US$ per capita","22008","Gross Domestic Product","2019","2019","US$","31086.329196","X","Figure from international organizations",""
"MK","Macro Indicators","096","Brunei Darussalam","6119","Value US$ per capita","22008","Gross Domestic Product","2020","2020","US$","27436.741515","X","Figure from international organizations",""
"MK","Macro Indicators","100","Bulgaria","6119","Value US$ per capita","22008","Gross Domestic Product","2019","2019","US$","9844.65467","X","Figure from international organizations",""
"MK","Macro Indicators","100","Bulgaria","6119","Value US$ per capita","22008","Gross Domestic Product","2020","2020","US$","10058.077407","X","Figure from international organizations",""
"MK","Macro Indicators","854","Burkina Faso","6119","Value US$ per capita","22008","Gross Domestic Product","2019","2019","US$","786.895614","X","Figure from international organizations",""
"MK","Macro Indicators","854","Burkina Faso","6119","Value US$ per capita","22008","Gross Domestic Product","2020","2020","US$","830.925337","X","Figure from international organizations",""
"MK","Macro Indicators","108","Burundi","6119","Value US$ per capita","22008","Gross Domestic Product","2019","2019","US$","292.139142","X","Figure from international organizations",""
"MK","Macro Indicators","108","Burundi","6119","Value US$ per capita","22008","Gross Domestic Product","2020","2020","US$","285.875782","X","Figure from international organizations",""
"MK","Macro Indicators","132","Cabo Verde","6119","Value US$ per capita","22008","Gross Domestic Product","2019","2019","US$","3603.782576","X","Figure from international organizations",""
"MK","Macro Indicators","132","Cabo Verde","6119","Value US$ per capita","22008","Gross Domestic Product","2020","2020","US$","3064.276546","X","Figure from international organizations",""
"MK","Macro Indicators","116","Cambodia","6119","Value US$ per capita","22008","Gross Domestic Product","2019","2019","US$","1643.641451","X","Figure from international organizations",""
"MK","Macro Indicators","116","Cambodia","6119","Value US$ per capita","22008","Gross Domestic Product","2020","2020","US$","1512.728288","X","Figure from international organizations",""
"MK","Macro Indicators","120","Cameroon","6119","Value US$ per capita","22008","Gross Domestic Product","2019","2019","US$","1507.450172","X","Figure from international organizations",""
"MK","Macro Indicators","120","Cameroon","6119","Value US$ per capita","22008","Gross Domestic Product","2020","2020","US$","1502.328062","X","Figure from international organizations",""
"MK","Macro Indicators","124","Canada","6119","Value US$ per capita","22008","Gross Domestic Product","2019","2019","US$","46550.335507","X","Figure from international organizations",""
"MK","Macro Indicators","124","Canada","6119","Value US$ per capita","22008","Gross Domestic Product","2020","2020","US$","43559.710092","X","Figure from international organizations",""
"MK","Macro Indicators","136","Cayman Islands","6119","Value US$ per capita","22008","Gross Domestic Product","2019","2019","US$","91389.352439","X","Figure from international organizations",""
"MK","Macro Indicators","136","Cayman Islands","6119","Value US$ per capita","22008","Gross Domestic Product","2020","2020","US$","95190.932506","X","Figure from international organizations",""
"MK","Macro Indicators","140","Central African Republic","6119","Value US$ per capita","22008","Gross Domestic Product","2019","2019","US$","467.673136","X","Figure from international organizations",""
"MK","Macro Indicators","140","Central African Republic","6119","Value US$ per capita","22008","Gross Domestic Product","2020","2020","US$","481.016462","X","Figure from international organizations",""
"MK","Macro Indicators","148","Chad","6119","Value US$ per capita","22008","Gross Domestic Product","2019","2019","US$","706.825833","X","Figure from international organizations",""
"MK","Macro Indicators","148","Chad","6119","Value US$ per capita","22008","Gross Domestic Product","2020","2020","US$","679.067284","X","Figure from international organizations",""
"MK","Macro Indicators","152","Chile","6119","Value US$ per capita","22008","Gross Domestic Product","2019","2019","US$","14741.711597","X","Figure from international organizations",""
"MK","Macro Indicators","152","Chile","6119","Value US$ per capita","22008","Gross Domestic Product","2020","2020","US$","13231.709642","X","Figure from international organizations",""
"MK","Macro Indicators","159","China","6119","Value US$ per capita","22008","Gross Domestic Product","2019","2019","US$","10195.736594","E","Estimated value",""
"MK","Macro Indicators","159","China","6119","Value US$ per capita","22008","Gross Domestic Product","2020","2020","US$","10429.630529","E","Estimated value",""
"MK","Macro Indicators","344","China, Hong Kong SAR","6119","Value US$ per capita","22008","Gross Domestic Product","2019","2019","US$","49179.751067","X","Figure from international organizations",""
"MK","Macro Indicators","344","China, Hong Kong SAR","6119","Value US$ per capita","22008","Gross Domestic Product","2020","2020","US$","46611.39104","X","Figure from international organizations",""
"MK","Macro Indicators","446","China, Macao SAR","6119","Value US$ per capita","22008","Gross Domestic Product","2019","2019","US$","86118.106459","X","Figure from international organizations",""
"MK","Macro Indicators","446","China, Macao SAR","6119","Value US$ per capita","22008","Gross Domestic Product","2020","2020","US$","37473.753262","X","Figure from international organizations",""
"MK","Macro Indicators","156","China, mainland","6119","Value US$ per capita","22008","Gross Domestic Product","2019","2019","US$","9959.637355","X","Figure from international organizations",""
"MK","Macro Indicators","156","China, mainland","6119","Value US$ per capita","22008","Gross Domestic Product","2020","2020","US$","10228.970558","X","Figure from international organizations",""
"MK","Macro Indicators","170","Colombia","6119","Value US$ per capita","22008","Gross Domestic Product","2019","2019","US$","6424.979431","X","Figure from international organizations",""
"MK","Macro Indicators","170","Colombia","6119","Value US$ per capita","22008","Gross Domestic Product","2020","2020","US$","5332.77279","X","Figure from international organizations",""
"MK","Macro Indicators","174","Comoros","6119","Value US$ per capita","22008","Gross Domestic Product","2019","2019","US$","1401.550515","X","Figure from international organizations",""
"MK","Macro Indicators","174","Comoros","6119","Value US$ per capita","22008","Gross Domestic Product","2020","2020","US$","1420.651905","X","Figure from international organizations",""
"MK","Macro Indicators","178","Congo","6119","Value US$ per capita","22008","Gross Domestic Product","2019","2019","US$","2327.854806","X","Figure from international organizations",""
"MK","Macro Indicators","178","Congo","6119","Value US$ per capita","22008","Gross Domestic Product","2020","2020","US$","1830.382491","X","Figure from international organizations",""
"MK","Macro Indicators","184","Cook Islands","6119","Value US$ per capita","22008","Gross Domestic Product","2019","2019","US$","20332.551756","X","Figure from international organizations",""
"MK","Macro Indicators","184","Cook Islands","6119","Value US$ per capita","22008","Gross Domestic Product","2020","2020","US$","16134.977948","X","Figure from international organizations",""
"MK","Macro Indicators","188","Costa Rica","6119","Value US$ per capita","22008","Gross Domestic Product","2019","2019","US$","12669.706175","X","Figure from international organizations",""
"MK","Macro Indicators","188","Costa Rica","6119","Value US$ per capita","22008","Gross Domestic Product","2020","2020","US$","12076.805961","X","Figure from international organizations",""
"MK","Macro Indicators","384","Côte d'Ivoire","6119","Value US$ per capita","22008","Gross Domestic Product","2019","2019","US$","2276.340329","X","Figure from international organizations",""
"MK","Macro Indicators","384","Côte d'Ivoire","6119","Value US$ per capita","22008","Gross Domestic Product","2020","2020","US$","2317.925719","X","Figure from international organizations",""
"MK","Macro Indicators","191","Croatia","6119","Value US$ per capita","22008","Gross Domestic Product","2019","2019","US$","15070.610877","X","Figure from international organizations",""
"MK","Macro Indicators","191","Croatia","6119","Value US$ per capita","22008","Gross Domestic Product","2020","2020","US$","13934.241955","X","Figure from international organizations",""
"MK","Macro Indicators","192","Cuba","6119","Value US$ per capita","22008","Gross Domestic Product","2019","2019","US$","9125.879485","X","Figure from international organizations",""
"MK","Macro Indicators","192","Cuba","6119","Value US$ per capita","22008","Gross Domestic Product","2020","2020","US$","9477.852873","X","Figure from international organizations",""
"MK","Macro Indicators","531","Curaçao","6119","Value US$ per capita","22008","Gross Domestic Product","2019","2019","US$","18980.123691","X","Figure from international organizations",""
"MK","Macro Indicators","531","Curaçao","6119","Value US$ per capita","22008","Gross Domestic Product","2020","2020","US$","15819.210502","X","Figure from international organizations",""
"MK","Macro Indicators","196","Cyprus","6119","Value US$ per capita","22008","Gross Domestic Product","2019","2019","US$","29659.349246","X","Figure from international organizations",""
"MK","Macro Indicators","196","Cyprus","6119","Value US$ per capita","22008","Gross Domestic Product","2020","2020","US$","28133.071159","X","Figure from international organizations",""
"MK","Macro Indicators","203","Czechia","6119","Value US$ per capita","22008","Gross Domestic Product","2019","2019","US$","23621.769604","X","Figure from international organizations",""
"MK","Macro Indicators","203","Czechia","6119","Value US$ per capita","22008","Gross Domestic Product","2020","2020","US$","22910.628937","X","Figure from international organizations",""
"MK","Macro Indicators","408","Democratic People's Republic of Korea","6119","Value US$ per capita","22008","Gross Domestic Product","2019","2019","US$","639.55639","X","Figure from international organizations",""
"MK","Macro Indicators","408","Democratic People's Republic of Korea","6119","Value US$ per capita","22008","Gross Domestic Product","2020","2020","US$","617.887235","X","Figure from international organizations",""
"MK","Macro Indicators","180","Democratic Republic of the Congo","6119","Value US$ per capita","22008","Gross Domestic Product","2019","2019","US$","545.216282","X","Figure from international organizations",""
"MK","Macro Indicators","180","Democratic Republic of the Congo","6119","Value US$ per capita","22008","Gross Domestic Product","2020","2020","US$","505.883924","X","Figure from international organizations",""
"MK","Macro Indicators","208","Denmark","6119","Value US$ per capita","22008","Gross Domestic Product","2019","2019","US$","60216.357595","X","Figure from international organizations",""
"MK","Macro Indicators","208","Denmark","6119","Value US$ per capita","22008","Gross Domestic Product","2020","2020","US$","61476.596929","X","Figure from international organizations",""
"MK","Macro Indicators","262","Djibouti","6119","Value US$ per capita","22008","Gross Domestic Product","2019","2019","US$","3252.320409","X","Figure from international organizations",""
"MK","Macro Indicators","262","Djibouti","6119","Value US$ per capita","22008","Gross Domestic Product","2020","2020","US$","3465.038713","X","Figure from international organizations",""
"MK","Macro Indicators","212","Dominica","6119","Value US$ per capita","22008","Gross Domestic Product","2019","2019","US$","8516.280039","X","Figure from international organizations",""
"MK","Macro Indicators","212","Dominica","6119","Value US$ per capita","22008","Gross Domestic Product","2020","2020","US$","7037.685311","X","Figure from international organizations",""
"MK","Macro Indicators","214","Dominican Republic","6119","Value US$ per capita","22008","Gross Domestic Product","2019","2019","US$","8282.123087","X","Figure from international organizations",""
"MK","Macro Indicators","214","Dominican Republic","6119","Value US$ per capita","22008","Gross Domestic Product","2020","2020","US$","7268.188603","X","Figure from international organizations",""
"MK","Macro Indicators","218","Ecuador","6119","Value US$ per capita","22008","Gross Domestic Product","2019","2019","US$","6222.522862","X","Figure from international organizations",""
"MK","Macro Indicators","218","Ecuador","6119","Value US$ per capita","22008","Gross Domestic Product","2020","2020","US$","5600.39152","X","Figure from international organizations",""
"MK","Macro Indicators","818","Egypt","6119","Value US$ per capita","22008","Gross Domestic Product","2019","2019","US$","3161.324684","X","Figure from international organizations",""
"MK","Macro Indicators","818","Egypt","6119","Value US$ per capita","22008","Gross Domestic Product","2020","2020","US$","3608.842256","X","Figure from international organizations",""
"MK","Macro Indicators","222","El Salvador","6119","Value US$ per capita","22008","Gross Domestic Product","2019","2019","US$","4167.729159","X","Figure from international organizations",""
"MK","Macro Indicators","222","El Salvador","6119","Value US$ per capita","22008","Gross Domestic Product","2020","2020","US$","3798.634701","X","Figure from international organizations",""
"MK","Macro Indicators","226","Equatorial Guinea","6119","Value US$ per capita","22008","Gross Domestic Product","2019","2019","US$","8419.908202","X","Figure from international organizations",""
"MK","Macro Indicators","226","Equatorial Guinea","6119","Value US$ per capita","22008","Gross Domestic Product","2020","2020","US$","7143.238102","X","Figure from international organizations",""
"MK","Macro Indicators","232","Eritrea","6119","Value US$ per capita","22008","Gross Domestic Product","2019","2019","US$","566.711679","X","Figure from international organizations",""
"MK","Macro Indicators","232","Eritrea","6119","Value US$ per capita","22008","Gross Domestic Product","2020","2020","US$","587.614196","X","Figure from international organizations",""
"MK","Macro Indicators","233","Estonia","6119","Value US$ per capita","22008","Gross Domestic Product","2019","2019","US$","23419.18198","X","Figure from international organizations",""
"MK","Macro Indicators","233","Estonia","6119","Value US$ per capita","22008","Gross Domestic Product","2020","2020","US$","23105.523391","X","Figure from international organizations",""
"MK","Macro Indicators","748","Eswatini","6119","Value US$ per capita","22008","Gross Domestic Product","2019","2019","US$","3894.197619","X","Figure from international organizations",""
"MK","Macro Indicators","748","Eswatini","6119","Value US$ per capita","22008","Gross Domestic Product","2020","2020","US$","3305.774271","X","Figure from international organizations",""
"MK","Macro Indicators","231","Ethiopia","6119","Value US$ per capita","22008","Gross Domestic Product","2019","2019","US$","825.865015","X","Figure from international organizations",""
"MK","Macro Indicators","231","Ethiopia","6119","Value US$ per capita","22008","Gross Domestic Product","2020","2020","US$","840.36193","X","Figure from international organizations",""
"MK","Macro Indicators","242","Fiji","6119","Value US$ per capita","22008","Gross Domestic Product","2019","2019","US$","6175.892917","X","Figure from international organizations",""
"MK","Macro Indicators","242","Fiji","6119","Value US$ per capita","22008","Gross Domestic Product","2020","2020","US$","5013.230983","X","Figure from international organizations",""
"MK","Macro Indicators","246","Finland","6119","Value US$ per capita","22008","Gross Domestic Product","2019","2019","US$","48585.483016","X","Figure from international organizations",""
"MK","Macro Indicators","246","Finland","6119","Value US$ per capita","22008","Gross Domestic Product","2020","2020","US$","48685.245393","X","Figure from international organizations",""
"MK","Macro Indicators","250","France","6119","Value US$ per capita","22008","Gross Domestic Product","2019","2019","US$","40516.996615","X","Figure from international organizations",""
"MK","Macro Indicators","250","France","6119","Value US$ per capita","22008","Gross Domestic Product","2020","2020","US$","38958.603419","X","Figure from international organizations",""
"MK","Macro Indicators","258","French Polynesia","6119","Value US$ per capita","22008","Gross Domestic Product","2019","2019","US$","22078.072132","X","Figure from international organizations",""
"MK","Macro Indicators","258","French Polynesia","6119","Value US$ per capita","22008","Gross Domestic Product","2020","2020","US$","20707.452774","X","Figure from international organizations",""
"MK","Macro Indicators","266","Gabon","6119","Value US$ per capita","22008","Gross Domestic Product","2019","2019","US$","7766.992804","X","Figure from international organizations",""
"MK","Macro Indicators","266","Gabon","6119","Value US$ per capita","22008","Gross Domestic Product","2020","2020","US$","6789.392632","X","Figure from international organizations",""
"MK","Macro Indicators","270","Gambia","6119","Value US$ per capita","22008","Gross Domestic Product","2019","2019","US$","769.198872","X","Figure from international organizations",""
"MK","Macro Indicators","270","Gambia","6119","Value US$ per capita","22008","Gross Domestic Product","2020","2020","US$","757.412441","X","Figure from international organizations",""
"MK","Macro Indicators","268","Georgia","6119","Value US$ per capita","22008","Gross Domestic Product","2019","2019","US$","4372.780604","X","Figure from international organizations",""
"MK","Macro Indicators","268","Georgia","6119","Value US$ per capita","22008","Gross Domestic Product","2020","2020","US$","3983.689756","X","Figure from international organizations",""
"MK","Macro Indicators","276","Germany","6119","Value US$ per capita","22008","Gross Domestic Product","2019","2019","US$","46557.284069","X","Figure from international organizations",""
"MK","Macro Indicators","276","Germany","6119","Value US$ per capita","22008","Gross Domestic Product","2020","2020","US$","45908.724713","X","Figure from international organizations",""
"MK","Macro Indicators","288","Ghana","6119","Value US$ per capita","22008","Gross Domestic Product","2019","2019","US$","2247.149748","X","Figure from international organizations",""
"MK","Macro Indicators","288","Ghana","6119","Value US$ per capita","22008","Gross Domestic Product","2020","2020","US$","2205.526086","X","Figure from international organizations",""
"MK","Macro Indicators","300","Greece","6119","Value US$ per capita","22008","Gross Domestic Product","2019","2019","US$","19587.057271","X","Figure from international organizations",""
"MK","Macro Indicators","300","Greece","6119","Value US$ per capita","22008","Gross Domestic Product","2020","2020","US$","18117.070258","X","Figure from international organizations",""
"MK","Macro Indicators","304","Greenland","6119","Value US$ per capita","22008","Gross Domestic Product","2019","2019","US$","52622.572605","X","Figure from international organizations",""
"MK","Macro Indicators","304","Greenland","6119","Value US$ per capita","22008","Gross Domestic Product","2020","2020","US$","55138.569878","X","Figure from international organizations",""
"MK","Macro Indicators","308","Grenada","6119","Value US$ per capita","22008","Gross Domestic Product","2019","2019","US$","10834.400864","X","Figure from international organizations",""
"MK","Macro Indicators","308","Grenada","6119","Value US$ per capita","22008","Gross Domestic Product","2020","2020","US$","9272.883756","X","Figure from international organizations",""
"MK","Macro Indicators","320","Guatemala","6119","Value US$ per capita","22008","Gross Domestic Product","2019","2019","US$","4380.749911","X","Figure from international organizations",""
"MK","Macro Indicators","320","Guatemala","6119","Value US$ per capita","22008","Gross Domestic Product","2020","2020","US$","4331.686958","X","Figure from international organizations",""
"MK","Macro Indicators","324","Guinea","6119","Value US$ per capita","22008","Gross Domestic Product","2019","2019","US$","1058.143372","X","Figure from international organizations",""
"MK","Macro Indicators","324","Guinea","6119","Value US$ per capita","22008","Gross Domestic Product","2020","2020","US$","1179.48889","X","Figure from international organizations",""
"MK","Macro Indicators","624","Guinea-Bissau","6119","Value US$ per capita","22008","Gross Domestic Product","2019","2019","US$","688.351615","X","Figure from international organizations",""
"MK","Macro Indicators","624","Guinea-Bissau","6119","Value US$ per capita","22008","Gross Domestic Product","2020","2020","US$","668.190171","X","Figure from international organizations",""
"MK","Macro Indicators","328","Guyana","6119","Value US$ per capita","22008","Gross Domestic Product","2019","2019","US$","6609.593401","X","Figure from international organizations",""
"MK","Macro Indicators","328","Guyana","6119","Value US$ per capita","22008","Gross Domestic Product","2020","2020","US$","6956.019415","X","Figure from international organizations",""
"MK","Macro Indicators","332","Haiti","6119","Value US$ per capita","22008","Gross Domestic Product","2019","2019","US$","1243.603856","X","Figure from international organizations",""
"MK","Macro Indicators","332","Haiti","6119","Value US$ per capita","22008","Gross Domestic Product","2020","2020","US$","1359.802536","X","Figure from international organizations",""
"MK","Macro Indicators","340","Honduras","6119","Value US$ per capita","22008","Gross Domestic Product","2019","2019","US$","2574.352135","X","Figure from international organizations",""
"MK","Macro Indicators","340","Honduras","6119","Value US$ per capita","22008","Gross Domestic Product","2020","2020","US$","2405.734997","X","Figure from international organizations",""
"MK","Macro Indicators","348","Hungary","6119","Value US$ per capita","22008","Gross Domestic Product","2019","2019","US$","16885.070887","X","Figure from international organizations",""
"MK","Macro Indicators","348","Hungary","6119","Value US$ per capita","22008","Gross Domestic Product","2020","2020","US$","16128.651665","X","Figure from international organizations",""
"MK","Macro Indicators","352","Iceland","6119","Value US$ per capita","22008","Gross Domestic Product","2019","2019","US$","73319.963204","X","Figure from international organizations",""
"MK","Macro Indicators","352","Iceland","6119","Value US$ per capita","22008","Gross Domestic Product","2020","2020","US$","63644.018266","X","Figure from international organizations",""
"MK","Macro Indicators","356","India","6119","Value US$ per capita","22008","Gross Domestic Product","2019","2019","US$","2114.982134","X","Figure from international organizations",""
"MK","Macro Indicators","356","India","6119","Value US$ per capita","22008","Gross Domestic Product","2020","2020","US$","1930.971218","X","Figure from international organizations",""
"MK","Macro Indicators","360","Indonesia","6119","Value US$ per capita","22008","Gross Domestic Product","2019","2019","US$","4135.201528","X","Figure from international organizations",""
"MK","Macro Indicators","360","Indonesia","6119","Value US$ per capita","22008","Gross Domestic Product","2020","2020","US$","3869.58852","X","Figure from international organizations",""
"MK","Macro Indicators","364","Iran (Islamic Republic of)","6119","Value US$ per capita","22008","Gross Domestic Product","2019","2019","US$","7882.788912","X","Figure from international organizations",""
"MK","Macro Indicators","364","Iran (Islamic Republic of)","6119","Value US$ per capita","22008","Gross Domestic Product","2020","2020","US$","11183.274877","X","Figure from international organizations",""
"MK","Macro Indicators","368","Iraq","6119","Value US$ per capita","22008","Gross Domestic Product","2019","2019","US$","5980.628489","X","Figure from international organizations",""
"MK","Macro Indicators","368","Iraq","6119","Value US$ per capita","22008","Gross Domestic Product","2020","2020","US$","4145.863967","X","Figure from international organizations",""
"MK","Macro Indicators","372","Ireland","6119","Value US$ per capita","22008","Gross Domestic Product","2019","2019","US$","81745.514055","X","Figure from international organizations",""
"MK","Macro Indicators","372","Ireland","6119","Value US$ per capita","22008","Gross Domestic Product","2020","2020","US$","86250.994153","X","Figure from international organizations",""
"MK","Macro Indicators","376","Israel","6119","Value US$ per capita","22008","Gross Domestic Product","2019","2019","US$","46709.354884","X","Figure from international organizations",""
"MK","Macro Indicators","376","Israel","6119","Value US$ per capita","22008","Gross Domestic Product","2020","2020","US$","47033.586547","X","Figure from international organizations",""
"MK","Macro Indicators","380","Italy","6119","Value US$ per capita","22008","Gross Domestic Product","2019","2019","US$","33185.489321","X","Figure from international organizations",""
"MK","Macro Indicators","380","Italy","6119","Value US$ per capita","22008","Gross Domestic Product","2020","2020","US$","31238.048346","X","Figure from international organizations",""
"MK","Macro Indicators","388","Jamaica","6119","Value US$ per capita","22008","Gross Domestic Product","2019","2019","US$","5369.49283","X","Figure from international organizations",""
"MK","Macro Indicators","388","Jamaica","6119","Value US$ per capita","22008","Gross Domestic Product","2020","2020","US$","4664.519718","X","Figure from international organizations",""
"MK","Macro Indicators","392","Japan","6119","Value US$ per capita","22008","Gross Domestic Product","2019","2019","US$","40586.234684","X","Figure from international organizations",""
"MK","Macro Indicators","392","Japan","6119","Value US$ per capita","22008","Gross Domestic Product","2020","2020","US$","39989.725509","X","Figure from international organizations",""
"MK","Macro Indicators","400","Jordan","6119","Value US$ per capita","22008","Gross Domestic Product","2019","2019","US$","4405.480596","X","Figure from international organizations",""
"MK","Macro Indicators","400","Jordan","6119","Value US$ per capita","22008","Gross Domestic Product","2020","2020","US$","4282.721671","X","Figure from international organizations",""
"MK","Macro Indicators","398","Kazakhstan","6119","Value US$ per capita","22008","Gross Domestic Product","2019","2019","US$","9792.622196","X","Figure from international organizations",""
"MK","Macro Indicators","398","Kazakhstan","6119","Value US$ per capita","22008","Gross Domestic Product","2020","2020","US$","9111.410501","X","Figure from international organizations",""
"MK","Macro Indicators","404","Kenya","6119","Value US$ per capita","22008","Gross Domestic Product","2019","2019","US$","1912.6233","X","Figure from international organizations",""
"MK","Macro Indicators","404","Kenya","6119","Value US$ per capita","22008","Gross Domestic Product","2020","2020","US$","1878.581192","X","Figure from international organizations",""
"MK","Macro Indicators","296","Kiribati","6119","Value US$ per capita","22008","Gross Domestic Product","2019","2019","US$","1512.972242","X","Figure from international organizations",""
"MK","Macro Indicators","296","Kiribati","6119","Value US$ per capita","22008","Gross Domestic Product","2020","2020","US$","1514.569464","X","Figure from international organizations",""
"MK","Macro Indicators","414","Kuwait","6119","Value US$ per capita","22008","Gross Domestic Product","2019","2019","US$","32371.986172","X","Figure from international organizations",""
"MK","Macro Indicators","414","Kuwait","6119","Value US$ per capita","22008","Gross Domestic Product","2020","2020","US$","24809.039629","X","Figure from international organizations",""
"MK","Macro Indicators","417","Kyrgyzstan","6119","Value US$ per capita","22008","Gross Domestic Product","2019","2019","US$","1382.672572","X","Figure from international organizations",""
"MK","Macro Indicators","417","Kyrgyzstan","6119","Value US$ per capita","22008","Gross Domestic Product","2020","2020","US$","1185.730193","X","Figure from international organizations",""
"MK","Macro Indicators","418","Lao People's Democratic Republic","6119","Value US$ per capita","22008","Gross Domestic Product","2019","2019","US$","2613.945064","X","Figure from international organizations",""
"MK","Macro Indicators","418","Lao People's Democratic Republic","6119","Value US$ per capita","22008","Gross Domestic Product","2020","2020","US$","2622.75764","X","Figure from international organizations",""
"MK","Macro Indicators","428","Latvia","6119","Value US$ per capita","22008","Gross Domestic Product","2019","2019","US$","17993.397026","X","Figure from international organizations",""
"MK","Macro Indicators","428","Latvia","6119","Value US$ per capita","22008","Gross Domestic Product","2020","2020","US$","17870.510316","X","Figure from international organizations",""
"MK","Macro Indicators","422","Lebanon","6119","Value US$ per capita","22008","Gross Domestic Product","2019","2019","US$","7811.922381","X","Figure from international organizations",""
"MK","Macro Indicators","422","Lebanon","6119","Value US$ per capita","22008","Gross Domestic Product","2020","2020","US$","9310.161925","X","Figure from international organizations",""
"MK","Macro Indicators","426","Lesotho","6119","Value US$ per capita","22008","Gross Domestic Product","2019","2019","US$","1154.539933","X","Figure from international organizations",""
"MK","Macro Indicators","426","Lesotho","6119","Value US$ per capita","22008","Gross Domestic Product","2020","2020","US$","1061.265715","X","Figure from international organizations",""
"MK","Macro Indicators","430","Liberia","6119","Value US$ per capita","22008","Gross Domestic Product","2019","2019","US$","522.999168","X","Figure from international organizations",""
"MK","Macro Indicators","430","Liberia","6119","Value US$ per capita","22008","Gross Domestic Product","2020","2020","US$","490.519124","X","Figure from international organizations",""
"MK","Macro Indicators","434","Libya","6119","Value US$ per capita","22008","Gross Domestic Product","2019","2019","US$","8827.836565","X","Figure from international organizations",""
"MK","Macro Indicators","434","Libya","6119","Value US$ per capita","22008","Gross Domestic Product","2020","2020","US$","4242.767174","X","Figure from international organizations",""
"MK","Macro Indicators","438","Liechtenstein","6119","Value US$ per capita","22008","Gross Domestic Product","2019","2019","US$","175811.169745","X","Figure from international organizations",""
"MK","Macro Indicators","438","Liechtenstein","6119","Value US$ per capita","22008","Gross Domestic Product","2020","2020","US$","180227.131992","X","Figure from international organizations",""
"MK","Macro Indicators","440","Lithuania","6119","Value US$ per capita","22008","Gross Domestic Product","2019","2019","US$","19820.569598","X","Figure from international organizations",""
"MK","Macro Indicators","440","Lithuania","6119","Value US$ per capita","22008","Gross Domestic Product","2020","2020","US$","20771.84218","X","Figure from international organizations",""
"MK","Macro Indicators","442","Luxembourg","6119","Value US$ per capita","22008","Gross Domestic Product","2019","2019","US$","114004.238058","X","Figure from international organizations",""
"MK","Macro Indicators","442","Luxembourg","6119","Value US$ per capita","22008","Gross Domestic Product","2020","2020","US$","117181.646629","X","Figure from international organizations",""
"MK","Macro Indicators","450","Madagascar","6119","Value US$ per capita","22008","Gross Domestic Product","2019","2019","US$","522.989511","X","Figure from international organizations",""
"MK","Macro Indicators","450","Madagascar","6119","Value US$ per capita","22008","Gross Domestic Product","2020","2020","US$","469.766309","X","Figure from international organizations",""
"MK","Macro Indicators","454","Malawi","6119","Value US$ per capita","22008","Gross Domestic Product","2019","2019","US$","598.329222","X","Figure from international organizations",""
"MK","Macro Indicators","454","Malawi","6119","Value US$ per capita","22008","Gross Domestic Product","2020","2020","US$","614.867605","X","Figure from international organizations",""
"MK","Macro Indicators","458","Malaysia","6119","Value US$ per capita","22008","Gross Domestic Product","2019","2019","US$","11414.290367","X","Figure from international organizations",""
"MK","Macro Indicators","458","Malaysia","6119","Value US$ per capita","22008","Gross Domestic Product","2020","2020","US$","10401.793199","X","Figure from international organizations",""
"MK","Macro Indicators","462","Maldives","6119","Value US$ per capita","22008","Gross Domestic Product","2019","2019","US$","10561.664288","X","Figure from international organizations",""
"MK","Macro Indicators","462","Maldives","6119","Value US$ per capita","22008","Gross Domestic Product","2020","2020","US$","6924.093847","X","Figure from international organizations",""
"MK","Macro Indicators","466","Mali","6119","Value US$ per capita","22008","Gross Domestic Product","2019","2019","US$","879.12139","X","Figure from international organizations",""
"MK","Macro Indicators","466","Mali","6119","Value US$ per capita","22008","Gross Domestic Product","2020","2020","US$","855.863188","X","Figure from international organizations",""
"MK","Macro Indicators","470","Malta","6119","Value US$ per capita","22008","Gross Domestic Product","2019","2019","US$","35710.558628","X","Figure from international organizations",""
"MK","Macro Indicators","470","Malta","6119","Value US$ per capita","22008","Gross Domestic Product","2020","2020","US$","33770.790122","X","Figure from international organizations",""
"MK","Macro Indicators","584","Marshall Islands","6119","Value US$ per capita","22008","Gross Domestic Product","2019","2019","US$","4076.159786","X","Figure from international organizations",""
"MK","Macro Indicators","584","Marshall Islands","6119","Value US$ per capita","22008","Gross Domestic Product","2020","2020","US$","4130.1309","X","Figure from international organizations",""
"MK","Macro Indicators","478","Mauritania","6119","Value US$ per capita","22008","Gross Domestic Product","2019","2019","US$","1743.302088","X","Figure from international organizations",""
"MK","Macro Indicators","478","Mauritania","6119","Value US$ per capita","22008","Gross Domestic Product","2020","2020","US$","1702.487691","X","Figure from international organizations",""
"MK","Macro Indicators","480","Mauritius","6119","Value US$ per capita","22008","Gross Domestic Product","2019","2019","US$","11062.58346","X","Figure from international organizations",""
"MK","Macro Indicators","480","Mauritius","6119","Value US$ per capita","22008","Gross Domestic Product","2020","2020","US$","8586.942672","X","Figure from international organizations",""
"MK","Macro Indicators","484","Mexico","6119","Value US$ per capita","22008","Gross Domestic Product","2019","2019","US$","9946.016618","X","Figure from international organizations",""
"MK","Macro Indicators","484","Mexico","6119","Value US$ per capita","22008","Gross Domestic Product","2020","2020","US$","8325.571218","X","Figure from international organizations",""
"MK","Macro Indicators","583","Micronesia (Federated States of)","6119","Value US$ per capita","22008","Gross Domestic Product","2019","2019","US$","3585.297193","X","Figure from international organizations",""
"MK","Macro Indicators","583","Micronesia (Federated States of)","6119","Value US$ per capita","22008","Gross Domestic Product","2020","2020","US$","3499.863219","X","Figure from international organizations",""
"MK","Macro Indicators","492","Monaco","6119","Value US$ per capita","22008","Gross Domestic Product","2019","2019","US$","189506.773412","X","Figure from international organizations",""
"MK","Macro Indicators","492","Monaco","6119","Value US$ per capita","22008","Gross Domestic Product","2020","2020","US$","173695.772381","X","Figure from international organizations",""
"MK","Macro Indicators","496","Mongolia","6119","Value US$ per capita","22008","Gross Domestic Product","2019","2019","US$","4339.843236","X","Figure from international organizations",""
"MK","Macro Indicators","496","Mongolia","6119","Value US$ per capita","22008","Gross Domestic Product","2020","2020","US$","4007.31128","X","Figure from international organizations",""
"MK","Macro Indicators","499","Montenegro","6119","Value US$ per capita","22008","Gross Domestic Product","2019","2019","US$","8825.313988","X","Figure from international organizations",""
"MK","Macro Indicators","499","Montenegro","6119","Value US$ per capita","22008","Gross Domestic Product","2020","2020","US$","7625.722017","X","Figure from international organizations",""
"MK","Macro Indicators","500","Montserrat","6119","Value US$ per capita","22008","Gross Domestic Product","2019","2019","US$","13134.822536","X","Figure from international organizations",""
"MK","Macro Indicators","500","Montserrat","6119","Value US$ per capita","22008","Gross Domestic Product","2020","2020","US$","13523.118471","X","Figure from international organizations",""
"MK","Macro Indicators","504","Morocco","6119","Value US$ per capita","22008","Gross Domestic Product","2019","2019","US$","3286.671864","X","Figure from international organizations",""
"MK","Macro Indicators","504","Morocco","6119","Value US$ per capita","22008","Gross Domestic Product","2020","2020","US$","3108.175374","X","Figure from international organizations",""
"MK","Macro Indicators","508","Mozambique","6119","Value US$ per capita","22008","Gross Domestic Product","2019","2019","US$","506.817256","X","Figure from international organizations",""
"MK","Macro Indicators","508","Mozambique","6119","Value US$ per capita","22008","Gross Domestic Product","2020","2020","US$","448.843891","X","Figure from international organizations",""
"MK","Macro Indicators","104","Myanmar","6119","Value US$ per capita","22008","Gross Domestic Product","2019","2019","US$","1374.375238","X","Figure from international organizations",""
"MK","Macro Indicators","104","Myanmar","6119","Value US$ per capita","22008","Gross Domestic Product","2020","2020","US$","1291.748968","X","Figure from international organizations",""
"MK","Macro Indicators","516","Namibia","6119","Value US$ per capita","22008","Gross Domestic Product","2019","2019","US$","5037.229138","X","Figure from international organizations",""
"MK","Macro Indicators","516","Namibia","6119","Value US$ per capita","22008","Gross Domestic Product","2020","2020","US$","4215.170141","X","Figure from international organizations",""
"MK","Macro Indicators","520","Nauru","6119","Value US$ per capita","22008","Gross Domestic Product","2019","2019","US$","12350.926128","X","Figure from international organizations",""
"MK","Macro Indicators","520","Nauru","6119","Value US$ per capita","22008","Gross Domestic Product","2020","2020","US$","12510.366256","X","Figure from international organizations",""
"MK","Macro Indicators","524","Nepal","6119","Value US$ per capita","22008","Gross Domestic Product","2019","2019","US$","1197.825921","X","Figure from international organizations",""
"MK","Macro Indicators","524","Nepal","6119","Value US$ per capita","22008","Gross Domestic Product","2020","2020","US$","1135.287957","X","Figure from international organizations",""
"MK","Macro Indicators","528","Netherlands","6119","Value US$ per capita","22008","Gross Domestic Product","2019","2019","US$","53236.674668","X","Figure from international organizations",""
"MK","Macro Indicators","528","Netherlands","6119","Value US$ per capita","22008","Gross Domestic Product","2020","2020","US$","53333.657572","X","Figure from international organizations",""
"MK","Macro Indicators","540","New Caledonia","6119","Value US$ per capita","22008","Gross Domestic Product","2019","2019","US$","33379.763021","X","Figure from international organizations",""
"MK","Macro Indicators","540","New Caledonia","6119","Value US$ per capita","22008","Gross Domestic Product","2020","2020","US$","34006.325197","X","Figure from international organizations",""
"MK","Macro Indicators","554","New Zealand","6119","Value US$ per capita","22008","Gross Domestic Product","2019","2019","US$","44622.989778","X","Figure from international organizations",""
"MK","Macro Indicators","554","New Zealand","6119","Value US$ per capita","22008","Gross Domestic Product","2020","2020","US$","43972.130573","X","Figure from international organizations",""
"MK","Macro Indicators","558","Nicaragua","6119","Value US$ per capita","22008","Gross Domestic Product","2019","2019","US$","1926.697992","X","Figure from international organizations",""
"MK","Macro Indicators","558","Nicaragua","6119","Value US$ per capita","22008","Gross Domestic Product","2020","2020","US$","1905.255197","X","Figure from international organizations",""
"MK","Macro Indicators","562","Niger","6119","Value US$ per capita","22008","Gross Domestic Product","2019","2019","US$","554.099699","X","Figure from international organizations",""
"MK","Macro Indicators","562","Niger","6119","Value US$ per capita","22008","Gross Domestic Product","2020","2020","US$","567.669697","X","Figure from international organizations",""
"MK","Macro Indicators","566","Nigeria","6119","Value US$ per capita","22008","Gross Domestic Product","2019","2019","US$","2361.206967","X","Figure from international organizations",""
"MK","Macro Indicators","566","Nigeria","6119","Value US$ per capita","22008","Gross Domestic Product","2020","2020","US$","2085.474061","X","Figure from international organizations",""
"MK","Macro Indicators","807","North Macedonia","6119","Value US$ per capita","22008","Gross Domestic Product","2019","2019","US$","6022.218418","X","Figure from international organizations",""
"MK","Macro Indicators","807","North Macedonia","6119","Value US$ per capita","22008","Gross Domestic Product","2020","2020","US$","5886.461037","X","Figure from international organizations",""
"MK","Macro Indicators","578","Norway","6119","Value US$ per capita","22008","Gross Domestic Product","2019","2019","US$","75389.62274","X","Figure from international organizations",""
"MK","Macro Indicators","578","Norway","6119","Value US$ per capita","22008","Gross Domestic Product","2020","2020","US$","66870.730726","X","Figure from international organizations",""
"MK","Macro Indicators","512","Oman","6119","Value US$ per capita","22008","Gross Domestic Product","2019","2019","US$","15343.062004","X","Figure from international organizations",""
"MK","Macro Indicators","512","Oman","6119","Value US$ per capita","22008","Gross Domestic Product","2020","2020","US$","12408.89814","X","Figure from international organizations",""
"MK","Macro Indicators","586","Pakistan","6119","Value US$ per capita","22008","Gross Domestic Product","2019","2019","US$","1168.643097","X","Figure from international organizations",""
"MK","Macro Indicators","586","Pakistan","6119","Value US$ per capita","22008","Gross Domestic Product","2020","2020","US$","1167.216496","X","Figure from international organizations",""
"MK","Macro Indicators","585","Palau","6119","Value US$ per capita","22008","Gross Domestic Product","2019","2019","US$","15572.490338","X","Figure from international organizations",""
"MK","Macro Indicators","585","Palau","6119","Value US$ per capita","22008","Gross Domestic Product","2020","2020","US$","14566.909639","X","Figure from international organizations",""
"MK","Macro Indicators","275","Palestine","6119","Value US$ per capita","22008","Gross Domestic Product","2019","2019","US$","3439.481112","X","Figure from international organizations",""
"MK","Macro Indicators","275","Palestine","6119","Value US$ per capita","22008","Gross Domestic Product","2020","2020","US$","3050.389559","X","Figure from international organizations",""
"MK","Macro Indicators","591","Panama","6119","Value US$ per capita","22008","Gross Domestic Product","2019","2019","US$","15727.970387","X","Figure from international organizations",""
"MK","Macro Indicators","591","Panama","6119","Value US$ per capita","22008","Gross Domestic Product","2020","2020","US$","12269.045876","X","Figure from international organizations",""
"MK","Macro Indicators","598","Papua New Guinea","6119","Value US$ per capita","22008","Gross Domestic Product","2019","2019","US$","2829.139144","X","Figure from international organizations",""
"MK","Macro Indicators","598","Papua New Guinea","6119","Value US$ per capita","22008","Gross Domestic Product","2020","2020","US$","2639.883175","X","Figure from international organizations",""
"MK","Macro Indicators","600","Paraguay","6119","Value US$ per capita","22008","Gross Domestic Product","2019","2019","US$","5380.965632","X","Figure from international organizations",""
"MK","Macro Indicators","600","Paraguay","6119","Value US$ per capita","22008","Gross Domestic Product","2020","2020","US$","4949.74413","X","Figure from international organizations",""
"MK","Macro Indicators","604","Peru","6119","Value US$ per capita","22008","Gross Domestic Product","2019","2019","US$","7027.686705","X","Figure from international organizations",""
"MK","Macro Indicators","604","Peru","6119","Value US$ per capita","22008","Gross Domestic Product","2020","2020","US$","6162.698252","X","Figure from international organizations",""
"MK","Macro Indicators","608","Philippines","6119","Value US$ per capita","22008","Gross Domestic Product","2019","2019","US$","3485.342237","X","Figure from international organizations",""
"MK","Macro Indicators","608","Philippines","6119","Value US$ per capita","22008","Gross Domestic Product","2020","2020","US$","3298.830062","X","Figure from international organizations",""
"MK","Macro Indicators","616","Poland","6119","Value US$ per capita","22008","Gross Domestic Product","2019","2019","US$","15764.572193","X","Figure from international organizations",""
"MK","Macro Indicators","616","Poland","6119","Value US$ per capita","22008","Gross Domestic Product","2020","2020","US$","15764.10583","X","Figure from international organizations",""
"MK","Macro Indicators","620","Portugal","6119","Value US$ per capita","22008","Gross Domestic Product","2019","2019","US$","23467.879341","X","Figure from international organizations",""
"MK","Macro Indicators","620","Portugal","6119","Value US$ per capita","22008","Gross Domestic Product","2020","2020","US$","22413.039839","X","Figure from international organizations",""
"MK","Macro Indicators","630","Puerto Rico","6119","Value US$ per capita","22008","Gross Domestic Product","2019","2019","US$","35765.430516","X","Figure from international organizations",""
"MK","Macro Indicators","630","Puerto Rico","6119","Value US$ per capita","22008","Gross Domestic Product","2020","2020","US$","36051.590208","X","Figure from international organizations",""
"MK","Macro Indicators","634","Qatar","6119","Value US$ per capita","22008","Gross Domestic Product","2019","2019","US$","62088.061828","X","Figure from international organizations",""
"MK","Macro Indicators","634","Qatar","6119","Value US$ per capita","22008","Gross Domestic Product","2020","2020","US$","50814.93445","X","Figure from international organizations",""
"MK","Macro Indicators","410","Republic of Korea","6119","Value US$ per capita","22008","Gross Domestic Product","2019","2019","US$","32234.507491","X","Figure from international organizations",""
"MK","Macro Indicators","410","Republic of Korea","6119","Value US$ per capita","22008","Gross Domestic Product","2020","2020","US$","31946.982511","X","Figure from international organizations",""
"MK","Macro Indicators","498","Republic of Moldova","6119","Value US$ per capita","22008","Gross Domestic Product","2019","2019","US$","2960.812844","X","Figure from international organizations",""
"MK","Macro Indicators","498","Republic of Moldova","6119","Value US$ per capita","22008","Gross Domestic Product","2020","2020","US$","2953.510884","X","Figure from international organizations",""
"MK","Macro Indicators","642","Romania","6119","Value US$ per capita","22008","Gross Domestic Product","2019","2019","US$","12903.993529","X","Figure from international organizations",""
"MK","Macro Indicators","642","Romania","6119","Value US$ per capita","22008","Gross Domestic Product","2020","2020","US$","12928.580656","X","Figure from international organizations",""
"MK","Macro Indicators","643","Russian Federation","6119","Value US$ per capita","22008","Gross Domestic Product","2019","2019","US$","11567.996132","X","Figure from international organizations",""
"MK","Macro Indicators","643","Russian Federation","6119","Value US$ per capita","22008","Gross Domestic Product","2020","2020","US$","10165.505967","X","Figure from international organizations",""
"MK","Macro Indicators","646","Rwanda","6119","Value US$ per capita","22008","Gross Domestic Product","2019","2019","US$","820.267328","X","Figure from international organizations",""
"MK","Macro Indicators","646","Rwanda","6119","Value US$ per capita","22008","Gross Domestic Product","2020","2020","US$","797.705403","X","Figure from international organizations",""
"MK","Macro Indicators","659","Saint Kitts and Nevis","6119","Value US$ per capita","22008","Gross Domestic Product","2019","2019","US$","19777.580052","X","Figure from international organizations",""
"MK","Macro Indicators","659","Saint Kitts and Nevis","6119","Value US$ per capita","22008","Gross Domestic Product","2020","2020","US$","17433.633186","X","Figure from international organizations",""
"MK","Macro Indicators","662","Saint Lucia","6119","Value US$ per capita","22008","Gross Domestic Product","2019","2019","US$","11591.403209","X","Figure from international organizations",""
"MK","Macro Indicators","662","Saint Lucia","6119","Value US$ per capita","22008","Gross Domestic Product","2020","2020","US$","8804.664206","X","Figure from international organizations",""
"MK","Macro Indicators","670","Saint Vincent and the Grenadines","6119","Value US$ per capita","22008","Gross Domestic Product","2019","2019","US$","7457.509504","X","Figure from international organizations",""
"MK","Macro Indicators","670","Saint Vincent and the Grenadines","6119","Value US$ per capita","22008","Gross Domestic Product","2020","2020","US$","7298.372827","X","Figure from international organizations",""
"MK","Macro Indicators","882","Samoa","6119","Value US$ per capita","22008","Gross Domestic Product","2019","2019","US$","4298.591718","X","Figure from international organizations",""
"MK","Macro Indicators","882","Samoa","6119","Value US$ per capita","22008","Gross Domestic Product","2020","2020","US$","3889.997362","X","Figure from international organizations",""
"MK","Macro Indicators","674","San Marino","6119","Value US$ per capita","22008","Gross Domestic Product","2019","2019","US$","47732.772009","X","Figure from international organizations",""
"MK","Macro Indicators","674","San Marino","6119","Value US$ per capita","22008","Gross Domestic Product","2020","2020","US$","45832.199048","X","Figure from international organizations",""
"MK","Macro Indicators","678","Sao Tome and Principe","6119","Value US$ per capita","22008","Gross Domestic Product","2019","2019","US$","2002.423257","X","Figure from international organizations",""
"MK","Macro Indicators","678","Sao Tome and Principe","6119","Value US$ per capita","22008","Gross Domestic Product","2020","2020","US$","2174.047918","X","Figure from international organizations",""
"MK","Macro Indicators","682","Saudi Arabia","6119","Value US$ per capita","22008","Gross Domestic Product","2019","2019","US$","23139.798657","X","Figure from international organizations",""
"MK","Macro Indicators","682","Saudi Arabia","6119","Value US$ per capita","22008","Gross Domestic Product","2020","2020","US$","20110.315319","X","Figure from international organizations",""
"MK","Macro Indicators","686","Senegal","6119","Value US$ per capita","22008","Gross Domestic Product","2019","2019","US$","1430.148051","X","Figure from international organizations",""
"MK","Macro Indicators","686","Senegal","6119","Value US$ per capita","22008","Gross Domestic Product","2020","2020","US$","1457.990727","X","Figure from international organizations",""
"MK","Macro Indicators","688","Serbia","6119","Value US$ per capita","22008","Gross Domestic Product","2019","2019","US$","7364.953767","X","Figure from international organizations",""
"MK","Macro Indicators","688","Serbia","6119","Value US$ per capita","22008","Gross Domestic Product","2020","2020","US$","7655.695885","X","Figure from international organizations",""
"MK","Macro Indicators","690","Seychelles","6119","Value US$ per capita","22008","Gross Domestic Product","2019","2019","US$","16194.858316","X","Figure from international organizations",""
"MK","Macro Indicators","690","Seychelles","6119","Value US$ per capita","22008","Gross Domestic Product","2020","2020","US$","10766.786689","X","Figure from international organizations",""
"MK","Macro Indicators","694","Sierra Leone","6119","Value US$ per capita","22008","Gross Domestic Product","2019","2019","US$","527.533632","X","Figure from international organizations",""
"MK","Macro Indicators","694","Sierra Leone","6119","Value US$ per capita","22008","Gross Domestic Product","2020","2020","US$","474.692062","X","Figure from international organizations",""
"MK","Macro Indicators","702","Singapore","6119","Value US$ per capita","22008","Gross Domestic Product","2019","2019","US$","64503.102111","X","Figure from international organizations",""
"MK","Macro Indicators","702","Singapore","6119","Value US$ per capita","22008","Gross Domestic Product","2020","2020","US$","58114.245347","X","Figure from international organizations",""
"MK","Macro Indicators","534","Sint Maarten (Dutch part)","6119","Value US$ per capita","22008","Gross Domestic Product","2019","2019","US$","25569.490931","X","Figure from international organizations",""
"MK","Macro Indicators","534","Sint Maarten (Dutch part)","6119","Value US$ per capita","22008","Gross Domestic Product","2020","2020","US$","20000.092719","X","Figure from international organizations",""
"MK","Macro Indicators","703","Slovakia","6119","Value US$ per capita","22008","Gross Domestic Product","2019","2019","US$","19293.407518","X","Figure from international organizations",""
"MK","Macro Indicators","703","Slovakia","6119","Value US$ per capita","22008","Gross Domestic Product","2020","2020","US$","19263.637523","X","Figure from international organizations",""
"MK","Macro Indicators","705","Slovenia","6119","Value US$ per capita","22008","Gross Domestic Product","2019","2019","US$","26064.403987","X","Figure from international organizations",""
"MK","Macro Indicators","705","Slovenia","6119","Value US$ per capita","22008","Gross Domestic Product","2020","2020","US$","25777.396719","X","Figure from international organizations",""
"MK","Macro Indicators","090","Solomon Islands","6119","Value US$ per capita","22008","Gross Domestic Product","2019","2019","US$","2344.134222","X","Figure from international organizations",""
"MK","Macro Indicators","090","Solomon Islands","6119","Value US$ per capita","22008","Gross Domestic Product","2020","2020","US$","2250.563757","X","Figure from international organizations",""
"MK","Macro Indicators","706","Somalia","6119","Value US$ per capita","22008","Gross Domestic Product","2019","2019","US$","118.605674","X","Figure from international organizations",""
"MK","Macro Indicators","706","Somalia","6119","Value US$ per capita","22008","Gross Domestic Product","2020","2020","US$","117.858871","X","Figure from international organizations",""
"MK","Macro Indicators","710","South Africa","6119","Value US$ per capita","22008","Gross Domestic Product","2019","2019","US$","6001.389576","X","Figure from international organizations",""
"MK","Macro Indicators","710","South Africa","6119","Value US$ per capita","22008","Gross Domestic Product","2020","2020","US$","5094.384038","X","Figure from international organizations",""
"MK","Macro Indicators","728","South Sudan","6119","Value US$ per capita","22008","Gross Domestic Product","2019","2019","US$","1486.36853","X","Figure from international organizations",""
"MK","Macro Indicators","728","South Sudan","6119","Value US$ per capita","22008","Gross Domestic Product","2020","2020","US$","1420.710434","X","Figure from international organizations",""
"MK","Macro Indicators","724","Spain","6119","Value US$ per capita","22008","Gross Domestic Product","2019","2019","US$","29806.208566","X","Figure from international organizations",""
"MK","Macro Indicators","724","Spain","6119","Value US$ per capita","22008","Gross Domestic Product","2020","2020","US$","27408.6349","X","Figure from international organizations",""
"MK","Macro Indicators","144","Sri Lanka","6119","Value US$ per capita","22008","Gross Domestic Product","2019","2019","US$","3938.847521","X","Figure from international organizations",""
"MK","Macro Indicators","144","Sri Lanka","6119","Value US$ per capita","22008","Gross Domestic Product","2020","2020","US$","3767.606655","X","Figure from international organizations",""
"MK","Macro Indicators","729","Sudan","6119","Value US$ per capita","22008","Gross Domestic Product","2019","2019","US$","815.060101","X","Figure from international organizations",""
"MK","Macro Indicators","729","Sudan","6119","Value US$ per capita","22008","Gross Domestic Product","2020","2020","US$","1415.243448","X","Figure from international organizations",""
"MK","Macro Indicators","740","Suriname","6119","Value US$ per capita","22008","Gross Domestic Product","2019","2019","US$","6840.885162","X","Figure from international organizations",""
"MK","Macro Indicators","740","Suriname","6119","Value US$ per capita","22008","Gross Domestic Product","2020","2020","US$","7022.767223","X","Figure from international organizations",""
"MK","Macro Indicators","752","Sweden","6119","Value US$ per capita","22008","Gross Domestic Product","2019","2019","US$","53194.436877","X","Figure from international organizations",""
"MK","Macro Indicators","752","Sweden","6119","Value US$ per capita","22008","Gross Domestic Product","2020","2020","US$","53574.552637","X","Figure from international organizations",""
"MK","Macro Indicators","756","Switzerland","6119","Value US$ per capita","22008","Gross Domestic Product","2019","2019","US$","85169.060062","X","Figure from international organizations",""
"MK","Macro Indicators","756","Switzerland","6119","Value US$ per capita","22008","Gross Domestic Product","2020","2020","US$","86918.648293","X","Figure from international organizations",""
"MK","Macro Indicators","760","Syrian Arab Republic","6119","Value US$ per capita","22008","Gross Domestic Product","2019","2019","US$","1558.084651","X","Figure from international organizations",""
"MK","Macro Indicators","760","Syrian Arab Republic","6119","Value US$ per capita","22008","Gross Domestic Product","2020","2020","US$","889.815247","X","Figure from international organizations",""
"MK","Macro Indicators","762","Tajikistan","6119","Value US$ per capita","22008","Gross Domestic Product","2019","2019","US$","890.547995","X","Figure from international organizations",""
"MK","Macro Indicators","762","Tajikistan","6119","Value US$ per capita","22008","Gross Domestic Product","2020","2020","US$","838.451016","X","Figure from international organizations",""
"MK","Macro Indicators","764","Thailand","6119","Value US$ per capita","22008","Gross Domestic Product","2019","2019","US$","7817.008104","X","Figure from international organizations",""
"MK","Macro Indicators","764","Thailand","6119","Value US$ per capita","22008","Gross Domestic Product","2020","2020","US$","7189.047989","X","Figure from international organizations",""
"MK","Macro Indicators","626","Timor-Leste","6119","Value US$ per capita","22008","Gross Domestic Product","2019","2019","US$","1583.714827","X","Figure from international organizations",""
"MK","Macro Indicators","626","Timor-Leste","6119","Value US$ per capita","22008","Gross Domestic Product","2020","2020","US$","1442.727467","X","Figure from international organizations",""
"MK","Macro Indicators","768","Togo","6119","Value US$ per capita","22008","Gross Domestic Product","2019","2019","US$","853.009121","X","Figure from international organizations",""
"MK","Macro Indicators","768","Togo","6119","Value US$ per capita","22008","Gross Domestic Product","2020","2020","US$","863.14473","X","Figure from international organizations",""
"MK","Macro Indicators","776","Tonga","6119","Value US$ per capita","22008","Gross Domestic Product","2019","2019","US$","4865.492154","X","Figure from international organizations",""
"MK","Macro Indicators","776","Tonga","6119","Value US$ per capita","22008","Gross Domestic Product","2020","2020","US$","4646.106308","X","Figure from international organizations",""
"MK","Macro Indicators","780","Trinidad and Tobago","6119","Value US$ per capita","22008","Gross Domestic Product","2019","2019","US$","17123.284319","X","Figure from international organizations",""
"MK","Macro Indicators","780","Trinidad and Tobago","6119","Value US$ per capita","22008","Gross Domestic Product","2020","2020","US$","15285.973254","X","Figure from international organizations",""
"MK","Macro Indicators","788","Tunisia","6119","Value US$ per capita","22008","Gross Domestic Product","2019","2019","US$","3351.535945","X","Figure from international organizations",""
"MK","Macro Indicators","788","Tunisia","6119","Value US$ per capita","22008","Gross Domestic Product","2020","2020","US$","3318.333356","X","Figure from international organizations",""
"MK","Macro Indicators","792","Türkiye","6119","Value US$ per capita","22008","Gross Domestic Product","2019","2019","US$","9121.483249","X","Figure from international organizations",""
"MK","Macro Indicators","792","Türkiye","6119","Value US$ per capita","22008","Gross Domestic Product","2020","2020","US$","8538.131926","X","Figure from international organizations",""
"MK","Macro Indicators","795","Turkmenistan","6119","Value US$ per capita","22008","Gross Domestic Product","2019","2019","US$","7314.041637","X","Figure from international organizations",""
"MK","Macro Indicators","795","Turkmenistan","6119","Value US$ per capita","22008","Gross Domestic Product","2020","2020","US$","7103.921926","X","Figure from international organizations",""
"MK","Macro Indicators","796","Turks and Caicos Islands","6119","Value US$ per capita","22008","Gross Domestic Product","2019","2019","US$","31353.329318","X","Figure from international organizations",""
"MK","Macro Indicators","796","Turks and Caicos Islands","6119","Value US$ per capita","22008","Gross Domestic Product","2020","2020","US$","23880.543431","X","Figure from international organizations",""
"MK","Macro Indicators","798","Tuvalu","6119","Value US$ per capita","22008","Gross Domestic Product","2019","2019","US$","4652.228544","X","Figure from international organizations",""
"MK","Macro Indicators","798","Tuvalu","6119","Value US$ per capita","22008","Gross Domestic Product","2020","2020","US$","4648.342104","X","Figure from international organizations",""
"MK","Macro Indicators","800","Uganda","6119","Value US$ per capita","22008","Gross Domestic Product","2019","2019","US$","852.014968","X","Figure from international organizations",""
"MK","Macro Indicators","800","Uganda","6119","Value US$ per capita","22008","Gross Domestic Product","2020","2020","US$","846.116481","X","Figure from international organizations",""
"MK","Macro Indicators","804","Ukraine","6119","Value US$ per capita","22008","Gross Domestic Product","2019","2019","US$","3498.90483","X","Figure from international organizations",""
"MK","Macro Indicators","804","Ukraine","6119","Value US$ per capita","22008","Gross Domestic Product","2020","2020","US$","3557.477356","X","Figure from international organizations",""
"MK","Macro Indicators","784","United Arab Emirates","6119","Value US$ per capita","22008","Gross Domestic Product","2019","2019","US$","42701.429934","X","Figure from international organizations",""
"MK","Macro Indicators","784","United Arab Emirates","6119","Value US$ per capita","22008","Gross Domestic Product","2020","2020","US$","36284.547906","X","Figure from international organizations",""
"MK","Macro Indicators","826","United Kingdom of Great Britain and Northern Ireland","6119","Value US$ per capita","22008","Gross Domestic Product","2019","2019","US$","42627.966539","X","Figure from international organizations",""
"MK","Macro Indicators","826","United Kingdom of Great Britain and Northern Ireland","6119","Value US$ per capita","22008","Gross Domestic Product","2020","2020","US$","40718.221814","X","Figure from international organizations",""
"MK","Macro Indicators","834","United Republic of Tanzania","6119","Value US$ per capita","22008","Gross Domestic Product","2019","2019","US$","1083.217052","X","Figure from international organizations",""
"MK","Macro Indicators","834","United Republic of Tanzania","6119","Value US$ per capita","22008","Gross Domestic Product","2020","2020","US$","1112.647575","X","Figure from international organizations",""
"MK","Macro Indicators","840","United States of America","6119","Value US$ per capita","22008","Gross Domestic Product","2019","2019","US$","64949.439748","X","Figure from international organizations",""
"MK","Macro Indicators","840","United States of America","6119","Value US$ per capita","22008","Gross Domestic Product","2020","2020","US$","63122.594145","X","Figure from international organizations",""
"MK","Macro Indicators","858","Uruguay","6119","Value US$ per capita","22008","Gross Domestic Product","2019","2019","US$","17688.012221","X","Figure from international organizations",""
"MK","Macro Indicators","858","Uruguay","6119","Value US$ per capita","22008","Gross Domestic Product","2020","2020","US$","15438.401395","X","Figure from international organizations",""
"MK","Macro Indicators","860","Uzbekistan","6119","Value US$ per capita","22008","Gross Domestic Product","2019","2019","US$","1750.258925","X","Figure from international organizations",""
"MK","Macro Indicators","860","Uzbekistan","6119","Value US$ per capita","22008","Gross Domestic Product","2020","2020","US$","1724.187748","X","Figure from international organizations",""
"MK","Macro Indicators","548","Vanuatu","6119","Value US$ per capita","22008","Gross Domestic Product","2019","2019","US$","3115.357712","X","Figure from international organizations",""
"MK","Macro Indicators","548","Vanuatu","6119","Value US$ per capita","22008","Gross Domestic Product","2020","2020","US$","2783.029644","X","Figure from international organizations",""
"MK","Macro Indicators","862","Venezuela (Bolivarian Republic of)","6119","Value US$ per capita","22008","Gross Domestic Product","2019","2019","US$","5264.842747","X","Figure from international organizations",""
"MK","Macro Indicators","862","Venezuela (Bolivarian Republic of)","6119","Value US$ per capita","22008","Gross Domestic Product","2020","2020","US$","3740.287361","X","Figure from international organizations",""
"MK","Macro Indicators","704","Viet Nam","6119","Value US$ per capita","22008","Gross Domestic Product","2019","2019","US$","2715.275874","X","Figure from international organizations",""
"MK","Macro Indicators","704","Viet Nam","6119","Value US$ per capita","22008","Gross Domestic Product","2020","2020","US$","2785.724225","X","Figure from international organizations",""
"MK","Macro Indicators","887","Yemen","6119","Value US$ per capita","22008","Gross Domestic Product","2019","2019","US$","865.726138","X","Figure from international organizations",""
"MK","Macro Indicators","887","Yemen","6119","Value US$ per capita","22008","Gross Domestic Product","2020","2020","US$","937.382745","X","Figure from international organizations",""
"MK","Macro Indicators","894","Zambia","6119","Value US$ per capita","22008","Gross Domestic Product","2019","2019","US$","1305.06026","X","Figure from international organizations",""
"MK","Macro Indicators","894","Zambia","6119","Value US$ per capita","22008","Gross Domestic Product","2020","2020","US$","985.132788","X","Figure from international organizations",""
"MK","Macro Indicators","716","Zimbabwe","6119","Value US$ per capita","22008","Gross Domestic Product","2019","2019","US$","1497.738092","X","Figure from international organizations",""
"MK","Macro Indicators","716","Zimbabwe","6119","Value US$ per capita","22008","Gross Domestic Product","2020","2020","US$","1465.845054","X","Figure from international organizations",""
