Domain Code,Domain,Area Code (M49),Area,Element Code,Element,Months Code,Months,Year Code,Year,Unit,Value,Flag,Flag Description
"ET","Temperature change","004","Afghanistan","7271","Temperature change","7020","Meteorological year","2019","2019","°C","0.96","E","Estimated value"
"ET","Temperature change","008","Albania","7271","Temperature change","7020","Meteorological year","2019","2019","°C","1.823","E","Estimated value"
"ET","Temperature change","012","Algeria","7271","Temperature change","7020","Meteorological year","2019","2019","°C","1.094","E","Estimated value"
"ET","Temperature change","016","American Samoa","7271","Temperature change","7020","Meteorological year","2019","2019","°C","0.924","E","Estimated value"
"ET","Temperature change","020","Andorra","7271","Temperature change","7020","Meteorological year","2019","2019","°C","1.813","E","Estimated value"
"ET","Temperature change","024","Angola","7271","Temperature change","7020","Meteorological year","2019","2019","°C","1.975","E","Estimated value"
"ET","Temperature change","660","Anguilla","7271","Temperature change","7020","Meteorological year","2019","2019","°C","0.861","E","Estimated value"
"ET","Temperature change","010","Antarctica","7271","Temperature change","7020","Meteorological year","2019","2019","°C","0.658","E","Estimated value"
"ET","Temperature change","028","Antigua and Barbuda","7271","Temperature change","7020","Meteorological year","2019","2019","°C","0.806","E","Estimated value"
"ET","Temperature change","032","Argentina","7271","Temperature change","7020","Meteorological year","2019","2019","°C","0.756","E","Estimated value"
"ET","Temperature change","051","Armenia","7271","Temperature change","7020","Meteorological year","2019","2019","°C","1.853","E","Estimated value"
"ET","Temperature change","533","Aruba","7271","Temperature change","7020","Meteorological year","2019","2019","°C","1.152","E","Estimated value"
"ET","Temperature change","036","Australia","7271","Temperature change","7020","Meteorological year","2019","2019","°C","1.411","E","Estimated value"
"ET","Temperature change","040","Austria","7271","Temperature change","7020","Meteorological year","2019","2019","°C","2.369","E","Estimated value"
"ET","Temperature change","031","Azerbaijan","7271","Temperature change","7020","Meteorological year","2019","2019","°C","2.012","E","Estimated value"
"ET","Temperature change","044","Bahamas","7271","Temperature change","7020","Meteorological year","2019","2019","°C","1.585","E","Estimated value"
"ET","Temperature change","048","Bahrain","7271","Temperature change","7020","Meteorological year","2019","2019","°C","1.986","E","Estimated value"
"ET","Temperature change","050","Bangladesh","7271","Temperature change","7020","Meteorological year","2019","2019","°C","1.109","E","Estimated value"
"ET","Temperature change","052","Barbados","7271","Temperature change","7020","Meteorological year","2019","2019","°C","1.111","E","Estimated value"
"ET","Temperature change","112","Belarus","7271","Temperature change","7020","Meteorological year","2019","2019","°C","2.65","E","Estimated value"
"ET","Temperature change","056","Belgium","7271","Temperature change","7020","Meteorological year","2019","2019","°C","2.038","E","Estimated value"
"ET","Temperature change","084","Belize","7271","Temperature change","7020","Meteorological year","2019","2019","°C","1.309","E","Estimated value"
"ET","Temperature change","204","Benin","7271","Temperature change","7020","Meteorological year","2019","2019","°C","1.329","E","Estimated value"
"ET","Temperature change","064","Bhutan","7271","Temperature change","7020","Meteorological year","2019","2019","°C","1.127","E","Estimated value"
"ET","Temperature change","068","Bolivia (Plurinational State of)","7271","Temperature change","7020","Meteorological year","2019","2019","°C","0.713","E","Estimated value"
"ET","Temperature change","070","Bosnia and Herzegovina","7271","Temperature change","7020","Meteorological year","2019","2019","°C","2.05","E","Estimated value"
"ET","Temperature change","072","Botswana","7271","Temperature change","7020","Meteorological year","2019","2019","°C","1.912","E","Estimated value"
"ET","Temperature change","076","Brazil","7271","Temperature change","7020","Meteorological year","2019","2019","°C","1.547","E","Estimated value"
"ET","Temperature change","092","British Virgin Islands","7271","Temperature change","7020","Meteorological year","2019","2019","°C","0.915","E","Estimated value"
"ET","Temperature change","096","Brunei Darussalam","7271","Temperature change","7020","Meteorological year","2019","2019","°C","1.372","E","Estimated value"
"ET","Temperature change","100","Bulgaria","7271","Temperature change","7020","Meteorological year","2019","2019","°C","2.19","E","Estimated value"
"ET","Temperature change","854","Burkina Faso","7271","Temperature change","7020","Meteorological year","2019","2019","°C","1.196","E","Estimated value"
"ET","Temperature change","108","Burundi","7271","Temperature change","7020","Meteorological year","2019","2019","°C","","O","Missing value"
"ET","Temperature change","132","Cabo Verde","7271","Temperature change","7020","Meteorological year","2019","2019","°C","1.905","E","Estimated value"
"ET","Temperature change","116","Cambodia","7271","Temperature change","7020","Meteorological year","2019","2019","°C","1.513","E","Estimated value"
"ET","Temperature change","120","Cameroon","7271","Temperature change","7020","Meteorological year","2019","2019","°C","1.446","E","Estimated value"
"ET","Temperature change","124","Canada","7271","Temperature change","7020","Meteorological year","2019","2019","°C","1.32","E","Estimated value"
"ET","Temperature change","136","Cayman Islands","7271","Temperature change","7020","Meteorological year","2019","2019","°C","1.348","E","Estimated value"
"ET","Temperature change","140","Central African Republic","7271","Temperature change","7020","Meteorological year","2019","2019","°C","1.262","E","Estimated value"
"ET","Temperature change","148","Chad","7271","Temperature change","7020","Meteorological year","2019","2019","°C","1.433","E","Estimated value"
"ET","Temperature change","830","Channel Islands","7271","Temperature change","7020","Meteorological year","2019","2019","°C","1.541","E","Estimated value"
"ET","Temperature change","152","Chile","7271","Temperature change","7020","Meteorological year","2019","2019","°C","0.51","E","Estimated value"
"ET","Temperature change","159","China","7271","Temperature change","7020","Meteorological year","2019","2019","°C","1.413","E","Estimated value"
"ET","Temperature change","344","China, Hong Kong SAR","7271","Temperature change","7020","Meteorological year","2019","2019","°C","1.827","E","Estimated value"
"ET","Temperature change","446","China, Macao SAR","7271","Temperature change","7020","Meteorological year","2019","2019","°C","1.827","E","Estimated value"
"ET","Temperature change","156","China, mainland","7271","Temperature change","7020","Meteorological year","2019","2019","°C","1.413","E","Estimated value"
"ET","Temperature change","158","China, Taiwan Province of","7271","Temperature change","7020","Meteorological year","2019","2019","°C","1.407","E","Estimated value"
"ET","Temperature change","162","Christmas Island","7271","Temperature change","7020","Meteorological year","2019","2019","°C","0.367","E","Estimated value"
"ET","Temperature change","166","Cocos (Keeling) Islands","7271","Temperature change","7020","Meteorological year","2019","2019","°C","0.655","E","Estimated value"
"ET","Temperature change","170","Colombia","7271","Temperature change","7020","Meteorological year","2019","2019","°C","1.25","E","Estimated value"
"ET","Temperature change","174","Comoros","7271","Temperature change","7020","Meteorological year","2019","2019","°C","1.1","E","Estimated value"
"ET","Temperature change","178","Congo","7271","Temperature change","7020","Meteorological year","2019","2019","°C","1.46","E","Estimated value"
"ET","Temperature change","184","Cook Islands","7271","Temperature change","7020","Meteorological year","2019","2019","°C","1.119","E","Estimated value"
"ET","Temperature change","188","Costa Rica","7271","Temperature change","7020","Meteorological year","2019","2019","°C","","O","Missing value"
"ET","Temperature change","384","Côte d'Ivoire","7271","Temperature change","7020","Meteorological year","2019","2019","°C","1.508","E","Estimated value"
"ET","Temperature change","191","Croatia","7271","Temperature change","7020","Meteorological year","2019","2019","°C","2.117","E","Estimated value"
"ET","Temperature change","192","Cuba","7271","Temperature change","7020","Meteorological year","2019","2019","°C","1.572","E","Estimated value"
"ET","Temperature change","196","Cyprus","7271","Temperature change","7020","Meteorological year","2019","2019","°C","1.589","E","Estimated value"
"ET","Temperature change","203","Czechia","7271","Temperature change","7020","Meteorological year","2019","2019","°C","2.533","E","Estimated value"
"ET","Temperature change","408","Democratic People's Republic of Korea","7271","Temperature change","7020","Meteorological year","2019","2019","°C","1.886","E","Estimated value"
"ET","Temperature change","180","Democratic Republic of the Congo","7271","Temperature change","7020","Meteorological year","2019","2019","°C","1.633","E","Estimated value"
"ET","Temperature change","208","Denmark","7271","Temperature change","7020","Meteorological year","2019","2019","°C","2.185","E","Estimated value"
"ET","Temperature change","262","Djibouti","7271","Temperature change","7020","Meteorological year","2019","2019","°C","1.351","E","Estimated value"
"ET","Temperature change","212","Dominica","7271","Temperature change","7020","Meteorological year","2019","2019","°C","0.766","E","Estimated value"
"ET","Temperature change","214","Dominican Republic","7271","Temperature change","7020","Meteorological year","2019","2019","°C","1.246","E","Estimated value"
"ET","Temperature change","218","Ecuador","7271","Temperature change","7020","Meteorological year","2019","2019","°C","1.06","E","Estimated value"
"ET","Temperature change","818","Egypt","7271","Temperature change","7020","Meteorological year","2019","2019","°C","0.975","E","Estimated value"
"ET","Temperature change","222","El Salvador","7271","Temperature change","7020","Meteorological year","2019","2019","°C","1.034","E","Estimated value"
"ET","Temperature change","226","Equatorial Guinea","7271","Temperature change","7020","Meteorological year","2019","2019","°C","1.452","E","Estimated value"
"ET","Temperature change","232","Eritrea","7271","Temperature change","7020","Meteorological year","2019","2019","°C","0.872","E","Estimated value"
"ET","Temperature change","233","Estonia","7271","Temperature change","7020","Meteorological year","2019","2019","°C","2.183","E","Estimated value"
"ET","Temperature change","748","Eswatini","7271","Temperature change","7020","Meteorological year","2019","2019","°C","1.591","E","Estimated value"
"ET","Temperature change","231","Ethiopia","7271","Temperature change","7020","Meteorological year","2019","2019","°C","1.373","E","Estimated value"
"ET","Temperature change","238","Falkland Islands (Malvinas)","7271","Temperature change","7020","Meteorological year","2019","2019","°C","","O","Missing value"
"ET","Temperature change","234","Faroe Islands","7271","Temperature change","7020","Meteorological year","2019","2019","°C","0.881","E","Estimated value"
"ET","Temperature change","242","Fiji","7271","Temperature change","7020","Meteorological year","2019","2019","°C","1.018","E","Estimated value"
"ET","Temperature change","246","Finland","7271","Temperature change","7020","Meteorological year","2019","2019","°C","1.436","E","Estimated value"
"ET","Temperature change","250","France","7271","Temperature change","7020","Meteorological year","2019","2019","°C","1.888","E","Estimated value"
"ET","Temperature change","254","French Guyana","7271","Temperature change","7020","Meteorological year","2019","2019","°C","1.466","E","Estimated value"
"ET","Temperature change","258","French Polynesia","7271","Temperature change","7020","Meteorological year","2019","2019","°C","0.864","E","Estimated value"
"ET","Temperature change","260","French Southern Territories","7271","Temperature change","7020","Meteorological year","2019","2019","°C","0.364","E","Estimated value"
"ET","Temperature change","266","Gabon","7271","Temperature change","7020","Meteorological year","2019","2019","°C","1.402","E","Estimated value"
"ET","Temperature change","270","Gambia","7271","Temperature change","7020","Meteorological year","2019","2019","°C","1.548","E","Estimated value"
"ET","Temperature change","268","Georgia","7271","Temperature change","7020","Meteorological year","2019","2019","°C","1.736","E","Estimated value"
"ET","Temperature change","276","Germany","7271","Temperature change","7020","Meteorological year","2019","2019","°C","2.314","E","Estimated value"
"ET","Temperature change","288","Ghana","7271","Temperature change","7020","Meteorological year","2019","2019","°C","1.489","E","Estimated value"
"ET","Temperature change","292","Gibraltar","7271","Temperature change","7020","Meteorological year","2019","2019","°C","1.326","E","Estimated value"
"ET","Temperature change","300","Greece","7271","Temperature change","7020","Meteorological year","2019","2019","°C","1.406","E","Estimated value"
"ET","Temperature change","304","Greenland","7271","Temperature change","7020","Meteorological year","2019","2019","°C","2.201","E","Estimated value"
"ET","Temperature change","308","Grenada","7271","Temperature change","7020","Meteorological year","2019","2019","°C","0.892","E","Estimated value"
"ET","Temperature change","312","Guadeloupe","7271","Temperature change","7020","Meteorological year","2019","2019","°C","0.818","E","Estimated value"
"ET","Temperature change","320","Guatemala","7271","Temperature change","7020","Meteorological year","2019","2019","°C","1.364","E","Estimated value"
"ET","Temperature change","324","Guinea","7271","Temperature change","7020","Meteorological year","2019","2019","°C","1.57","E","Estimated value"
"ET","Temperature change","624","Guinea-Bissau","7271","Temperature change","7020","Meteorological year","2019","2019","°C","1.642","E","Estimated value"
"ET","Temperature change","328","Guyana","7271","Temperature change","7020","Meteorological year","2019","2019","°C","1.178","E","Estimated value"
"ET","Temperature change","332","Haiti","7271","Temperature change","7020","Meteorological year","2019","2019","°C","1.716","E","Estimated value"
"ET","Temperature change","336","Holy See","7271","Temperature change","7020","Meteorological year","2019","2019","°C","1.46","E","Estimated value"
"ET","Temperature change","340","Honduras","7271","Temperature change","7020","Meteorological year","2019","2019","°C","1.107","E","Estimated value"
"ET","Temperature change","348","Hungary","7271","Temperature change","7020","Meteorological year","2019","2019","°C","2.393","E","Estimated value"
"ET","Temperature change","352","Iceland","7271","Temperature change","7020","Meteorological year","2019","2019","°C","1.396","E","Estimated value"
"ET","Temperature change","356","India","7271","Temperature change","7020","Meteorological year","2019","2019","°C","0.809","E","Estimated value"
"ET","Temperature change","360","Indonesia","7271","Temperature change","7020","Meteorological year","2019","2019","°C","1.021","E","Estimated value"
"ET","Temperature change","364","Iran (Islamic Republic of)","7271","Temperature change","7020","Meteorological year","2019","2019","°C","1.508","E","Estimated value"
"ET","Temperature change","368","Iraq","7271","Temperature change","7020","Meteorological year","2019","2019","°C","1.671","E","Estimated value"
"ET","Temperature change","372","Ireland","7271","Temperature change","7020","Meteorological year","2019","2019","°C","1.248","E","Estimated value"
"ET","Temperature change","833","Isle of Man","7271","Temperature change","7020","Meteorological year","2019","2019","°C","1.172","E","Estimated value"
"ET","Temperature change","376","Israel","7271","Temperature change","7020","Meteorological year","2019","2019","°C","1.304","E","Estimated value"
"ET","Temperature change","380","Italy","7271","Temperature change","7020","Meteorological year","2019","2019","°C","1.639","E","Estimated value"
"ET","Temperature change","388","Jamaica","7271","Temperature change","7020","Meteorological year","2019","2019","°C","1.479","E","Estimated value"
"ET","Temperature change","392","Japan","7271","Temperature change","7020","Meteorological year","2019","2019","°C","1.215","E","Estimated value"
"ET","Temperature change","400","Jordan","7271","Temperature change","7020","Meteorological year","2019","2019","°C","1.433","E","Estimated value"
"ET","Temperature change","398","Kazakhstan","7271","Temperature change","7020","Meteorological year","2019","2019","°C","1.47","E","Estimated value"
"ET","Temperature change","404","Kenya","7271","Temperature change","7020","Meteorological year","2019","2019","°C","1.498","E","Estimated value"
"ET","Temperature change","296","Kiribati","7271","Temperature change","7020","Meteorological year","2019","2019","°C","1.376","E","Estimated value"
"ET","Temperature change","414","Kuwait","7271","Temperature change","7020","Meteorological year","2019","2019","°C","1.693","E","Estimated value"
"ET","Temperature change","417","Kyrgyzstan","7271","Temperature change","7020","Meteorological year","2019","2019","°C","1.647","E","Estimated value"
"ET","Temperature change","418","Lao People's Democratic Republic","7271","Temperature change","7020","Meteorological year","2019","2019","°C","2.124","E","Estimated value"
"ET","Temperature change","428","Latvia","7271","Temperature change","7020","Meteorological year","2019","2019","°C","2.428","E","Estimated value"
"ET","Temperature change","422","Lebanon","7271","Temperature change","7020","Meteorological year","2019","2019","°C","1.553","E","Estimated value"
"ET","Temperature change","426","Lesotho","7271","Temperature change","7020","Meteorological year","2019","2019","°C","1.761","E","Estimated value"
"ET","Temperature change","430","Liberia","7271","Temperature change","7020","Meteorological year","2019","2019","°C","1.499","E","Estimated value"
"ET","Temperature change","434","Libya","7271","Temperature change","7020","Meteorological year","2019","2019","°C","0.822","E","Estimated value"
"ET","Temperature change","438","Liechtenstein","7271","Temperature change","7020","Meteorological year","2019","2019","°C","2.054","E","Estimated value"
"ET","Temperature change","440","Lithuania","7271","Temperature change","7020","Meteorological year","2019","2019","°C","2.601","E","Estimated value"
"ET","Temperature change","442","Luxembourg","7271","Temperature change","7020","Meteorological year","2019","2019","°C","2.143","E","Estimated value"
"ET","Temperature change","450","Madagascar","7271","Temperature change","7020","Meteorological year","2019","2019","°C","1.328","E","Estimated value"
"ET","Temperature change","454","Malawi","7271","Temperature change","7020","Meteorological year","2019","2019","°C","1.115","E","Estimated value"
"ET","Temperature change","458","Malaysia","7271","Temperature change","7020","Meteorological year","2019","2019","°C","1.446","E","Estimated value"
"ET","Temperature change","462","Maldives","7271","Temperature change","7020","Meteorological year","2019","2019","°C","1.088","E","Estimated value"
"ET","Temperature change","466","Mali","7271","Temperature change","7020","Meteorological year","2019","2019","°C","1.267","E","Estimated value"
"ET","Temperature change","470","Malta","7271","Temperature change","7020","Meteorological year","2019","2019","°C","1.243","E","Estimated value"
"ET","Temperature change","584","Marshall Islands","7271","Temperature change","7020","Meteorological year","2019","2019","°C","0.718","E","Estimated value"
"ET","Temperature change","474","Martinique","7271","Temperature change","7020","Meteorological year","2019","2019","°C","0.786","E","Estimated value"
"ET","Temperature change","478","Mauritania","7271","Temperature change","7020","Meteorological year","2019","2019","°C","1.469","E","Estimated value"
"ET","Temperature change","480","Mauritius","7271","Temperature change","7020","Meteorological year","2019","2019","°C","1.308","E","Estimated value"
"ET","Temperature change","175","Mayotte","7271","Temperature change","7020","Meteorological year","2019","2019","°C","1.17","E","Estimated value"
"ET","Temperature change","484","Mexico","7271","Temperature change","7020","Meteorological year","2019","2019","°C","1.307","E","Estimated value"
"ET","Temperature change","583","Micronesia (Federated States of)","7271","Temperature change","7020","Meteorological year","2019","2019","°C","0.791","E","Estimated value"
"ET","Temperature change","488","Midway Island","7271","Temperature change","7020","Meteorological year","2019","2019","°C","","O","Missing value"
"ET","Temperature change","492","Monaco","7271","Temperature change","7020","Meteorological year","2019","2019","°C","1.7","E","Estimated value"
"ET","Temperature change","496","Mongolia","7271","Temperature change","7020","Meteorological year","2019","2019","°C","1.849","E","Estimated value"
"ET","Temperature change","499","Montenegro","7271","Temperature change","7020","Meteorological year","2019","2019","°C","1.923","E","Estimated value"
"ET","Temperature change","500","Montserrat","7271","Temperature change","7020","Meteorological year","2019","2019","°C","0.806","E","Estimated value"
"ET","Temperature change","504","Morocco","7271","Temperature change","7020","Meteorological year","2019","2019","°C","1.578","E","Estimated value"
"ET","Temperature change","508","Mozambique","7271","Temperature change","7020","Meteorological year","2019","2019","°C","1.079","E","Estimated value"
"ET","Temperature change","104","Myanmar","7271","Temperature change","7020","Meteorological year","2019","2019","°C","1.691","E","Estimated value"
"ET","Temperature change","516","Namibia","7271","Temperature change","7020","Meteorological year","2019","2019","°C","2.713","E","Estimated value"
"ET","Temperature change","520","Nauru","7271","Temperature change","7020","Meteorological year","2019","2019","°C","","O","Missing value"
"ET","Temperature change","524","Nepal","7271","Temperature change","7020","Meteorological year","2019","2019","°C","0.746","E","Estimated value"
"ET","Temperature change","528","Netherlands","7271","Temperature change","7020","Meteorological year","2019","2019","°C","2.116","E","Estimated value"
"ET","Temperature change","530","Netherlands Antilles (former)","7271","Temperature change","7020","Meteorological year","2019","2019","°C","1.024","E","Estimated value"
"ET","Temperature change","540","New Caledonia","7271","Temperature change","7020","Meteorological year","2019","2019","°C","0.749","E","Estimated value"
"ET","Temperature change","554","New Zealand","7271","Temperature change","7020","Meteorological year","2019","2019","°C","1.041","E","Estimated value"
"ET","Temperature change","558","Nicaragua","7271","Temperature change","7020","Meteorological year","2019","2019","°C","1.105","E","Estimated value"
"ET","Temperature change","562","Niger","7271","Temperature change","7020","Meteorological year","2019","2019","°C","1.151","E","Estimated value"
"ET","Temperature change","566","Nigeria","7271","Temperature change","7020","Meteorological year","2019","2019","°C","1.243","E","Estimated value"
"ET","Temperature change","570","Niue","7271","Temperature change","7020","Meteorological year","2019","2019","°C","","O","Missing value"
"ET","Temperature change","574","Norfolk Island","7271","Temperature change","7020","Meteorological year","2019","2019","°C","0.817","E","Estimated value"
"ET","Temperature change","807","North Macedonia","7271","Temperature change","7020","Meteorological year","2019","2019","°C","1.967","E","Estimated value"
"ET","Temperature change","578","Norway","7271","Temperature change","7020","Meteorological year","2019","2019","°C","1.231","E","Estimated value"
"ET","Temperature change","512","Oman","7271","Temperature change","7020","Meteorological year","2019","2019","°C","1.032","E","Estimated value"
"ET","Temperature change","586","Pakistan","7271","Temperature change","7020","Meteorological year","2019","2019","°C","0.648","E","Estimated value"
"ET","Temperature change","585","Palau","7271","Temperature change","7020","Meteorological year","2019","2019","°C","","O","Missing value"
"ET","Temperature change","275","Palestine","7271","Temperature change","7020","Meteorological year","2019","2019","°C","1.298","E","Estimated value"
"ET","Temperature change","591","Panama","7271","Temperature change","7020","Meteorological year","2019","2019","°C","1.239","E","Estimated value"
"ET","Temperature change","598","Papua New Guinea","7271","Temperature change","7020","Meteorological year","2019","2019","°C","0.696","E","Estimated value"
"ET","Temperature change","600","Paraguay","7271","Temperature change","7020","Meteorological year","2019","2019","°C","1.176","E","Estimated value"
"ET","Temperature change","604","Peru","7271","Temperature change","7020","Meteorological year","2019","2019","°C","0.952","E","Estimated value"
"ET","Temperature change","608","Philippines","7271","Temperature change","7020","Meteorological year","2019","2019","°C","1.151","E","Estimated value"
"ET","Temperature change","612","Pitcairn","7271","Temperature change","7020","Meteorological year","2019","2019","°C","","O","Missing value"
"ET","Temperature change","616","Poland","7271","Temperature change","7020","Meteorological year","2019","2019","°C","2.615","E","Estimated value"
"ET","Temperature change","620","Portugal","7271","Temperature change","7020","Meteorological year","2019","2019","°C","1.25","E","Estimated value"
"ET","Temperature change","630","Puerto Rico","7271","Temperature change","7020","Meteorological year","2019","2019","°C","1.054","E","Estimated value"
"ET","Temperature change","634","Qatar","7271","Temperature change","7020","Meteorological year","2019","2019","°C","1.819","E","Estimated value"
"ET","Temperature change","410","Republic of Korea","7271","Temperature change","7020","Meteorological year","2019","2019","°C","1.407","E","Estimated value"
"ET","Temperature change","498","Republic of Moldova","7271","Temperature change","7020","Meteorological year","2019","2019","°C","2.336","E","Estimated value"
"ET","Temperature change","638","Réunion","7271","Temperature change","7020","Meteorological year","2019","2019","°C","1.412","E","Estimated value"
"ET","Temperature change","642","Romania","7271","Temperature change","7020","Meteorological year","2019","2019","°C","2.266","E","Estimated value"
"ET","Temperature change","643","Russian Federation","7271","Temperature change","7020","Meteorological year","2019","2019","°C","2.181","E","Estimated value"
"ET","Temperature change","646","Rwanda","7271","Temperature change","7020","Meteorological year","2019","2019","°C","","O","Missing value"
"ET","Temperature change","654","Saint Helena, Ascension and Tristan da Cunha","7271","Temperature change","7020","Meteorological year","2019","2019","°C","1.509","E","Estimated value"
"ET","Temperature change","659","Saint Kitts and Nevis","7271","Temperature change","7020","Meteorological year","2019","2019","°C","0.806","E","Estimated value"
"ET","Temperature change","662","Saint Lucia","7271","Temperature change","7020","Meteorological year","2019","2019","°C","0.871","E","Estimated value"
"ET","Temperature change","666","Saint Pierre and Miquelon","7271","Temperature change","7020","Meteorological year","2019","2019","°C","0.062","E","Estimated value"
"ET","Temperature change","670","Saint Vincent and the Grenadines","7271","Temperature change","7020","Meteorological year","2019","2019","°C","0.879","E","Estimated value"
"ET","Temperature change","882","Samoa","7271","Temperature change","7020","Meteorological year","2019","2019","°C","0.828","E","Estimated value"
"ET","Temperature change","674","San Marino","7271","Temperature change","7020","Meteorological year","2019","2019","°C","1.658","E","Estimated value"
"ET","Temperature change","678","Sao Tome and Principe","7271","Temperature change","7020","Meteorological year","2019","2019","°C","1.341","E","Estimated value"
"ET","Temperature change","682","Saudi Arabia","7271","Temperature change","7020","Meteorological year","2019","2019","°C","1.803","E","Estimated value"
"ET","Temperature change","686","Senegal","7271","Temperature change","7020","Meteorological year","2019","2019","°C","1.492","E","Estimated value"
"ET","Temperature change","688","Serbia","7271","Temperature change","7020","Meteorological year","2019","2019","°C","2.159","E","Estimated value"
"ET","Temperature change","690","Seychelles","7271","Temperature change","7020","Meteorological year","2019","2019","°C","1.17","E","Estimated value"
"ET","Temperature change","694","Sierra Leone","7271","Temperature change","7020","Meteorological year","2019","2019","°C","1.522","E","Estimated value"
"ET","Temperature change","702","Singapore","7271","Temperature change","7020","Meteorological year","2019","2019","°C","","O","Missing value"
"ET","Temperature change","703","Slovakia","7271","Temperature change","7020","Meteorological year","2019","2019","°C","2.423","E","Estimated value"
"ET","Temperature change","705","Slovenia","7271","Temperature change","7020","Meteorological year","2019","2019","°C","2.367","E","Estimated value"
"ET","Temperature change","090","Solomon Islands","7271","Temperature change","7020","Meteorological year","2019","2019","°C","0.599","E","Estimated value"
"ET","Temperature change","706","Somalia","7271","Temperature change","7020","Meteorological year","2019","2019","°C","1.677","E","Estimated value"
"ET","Temperature change","710","South Africa","7271","Temperature change","7020","Meteorological year","2019","2019","°C","1.752","E","Estimated value"
"ET","Temperature change","239","South Georgia and the South Sandwich Islands","7271","Temperature change","7020","Meteorological year","2019","2019","°C","0.317","E","Estimated value"
"ET","Temperature change","728","South Sudan","7271","Temperature change","7020","Meteorological year","2019","2019","°C","0.774","E","Estimated value"
"ET","Temperature change","724","Spain","7271","Temperature change","7020","Meteorological year","2019","2019","°C","1.446","E","Estimated value"
"ET","Temperature change","144","Sri Lanka","7271","Temperature change","7020","Meteorological year","2019","2019","°C","1.338","E","Estimated value"
"ET","Temperature change","729","Sudan","7271","Temperature change","7020","Meteorological year","2019","2019","°C","0.816","E","Estimated value"
"ET","Temperature change","740","Suriname","7271","Temperature change","7020","Meteorological year","2019","2019","°C","1.645","E","Estimated value"
"ET","Temperature change","744","Svalbard and Jan Mayen Islands","7271","Temperature change","7020","Meteorological year","2019","2019","°C","2.871","E","Estimated value"
"ET","Temperature change","752","Sweden","7271","Temperature change","7020","Meteorological year","2019","2019","°C","1.572","E","Estimated value"
"ET","Temperature change","756","Switzerland","7271","Temperature change","7020","Meteorological year","2019","2019","°C","2.042","E","Estimated value"
"ET","Temperature change","760","Syrian Arab Republic","7271","Temperature change","7020","Meteorological year","2019","2019","°C","1.624","E","Estimated value"
"ET","Temperature change","762","Tajikistan","7271","Temperature change","7020","Meteorological year","2019","2019","°C","1.431","E","Estimated value"
"ET","Temperature change","764","Thailand","7271","Temperature change","7020","Meteorological year","2019","2019","°C","1.774","E","Estimated value"
"ET","Temperature change","626","Timor-Leste","7271","Temperature change","7020","Meteorological year","2019","2019","°C","0.999","E","Estimated value"
"ET","Temperature change","768","Togo","7271","Temperature change","7020","Meteorological year","2019","2019","°C","1.444","E","Estimated value"
"ET","Temperature change","772","Tokelau","7271","Temperature change","7020","Meteorological year","2019","2019","°C","","O","Missing value"
"ET","Temperature change","776","Tonga","7271","Temperature change","7020","Meteorological year","2019","2019","°C","1.032","E","Estimated value"
"ET","Temperature change","780","Trinidad and Tobago","7271","Temperature change","7020","Meteorological year","2019","2019","°C","1.224","E","Estimated value"
"ET","Temperature change","788","Tunisia","7271","Temperature change","7020","Meteorological year","2019","2019","°C","1.317","E","Estimated value"
"ET","Temperature change","792","Türkiye","7271","Temperature change","7020","Meteorological year","2019","2019","°C","1.639","E","Estimated value"
"ET","Temperature change","795","Turkmenistan","7271","Temperature change","7020","Meteorological year","2019","2019","°C","1.768","E","Estimated value"
"ET","Temperature change","796","Turks and Caicos Islands","7271","Temperature change","7020","Meteorological year","2019","2019","°C","","O","Missing value"
"ET","Temperature change","798","Tuvalu","7271","Temperature change","7020","Meteorological year","2019","2019","°C","1.127","E","Estimated value"
"ET","Temperature change","800","Uganda","7271","Temperature change","7020","Meteorological year","2019","2019","°C","1.227","E","Estimated value"
"ET","Temperature change","804","Ukraine","7271","Temperature change","7020","Meteorological year","2019","2019","°C","2.355","E","Estimated value"
"ET","Temperature change","784","United Arab Emirates","7271","Temperature change","7020","Meteorological year","2019","2019","°C","1.247","E","Estimated value"
"ET","Temperature change","826","United Kingdom of Great Britain and Northern Ireland","7271","Temperature change","7020","Meteorological year","2019","2019","°C","1.247","E","Estimated value"
"ET","Temperature change","834","United Republic of Tanzania","7271","Temperature change","7020","Meteorological year","2019","2019","°C","1.266","E","Estimated value"
"ET","Temperature change","840","United States of America","7271","Temperature change","7020","Meteorological year","2019","2019","°C","1.032","E","Estimated value"
"ET","Temperature change","850","United States Virgin Islands","7271","Temperature change","7020","Meteorological year","2019","2019","°C","0.937","E","Estimated value"
"ET","Temperature change","858","Uruguay","7271","Temperature change","7020","Meteorological year","2019","2019","°C","0.862","E","Estimated value"
"ET","Temperature change","860","Uzbekistan","7271","Temperature change","7020","Meteorological year","2019","2019","°C","1.93","E","Estimated value"
"ET","Temperature change","548","Vanuatu","7271","Temperature change","7020","Meteorological year","2019","2019","°C","0.803","E","Estimated value"
"ET","Temperature change","862","Venezuela (Bolivarian Republic of)","7271","Temperature change","7020","Meteorological year","2019","2019","°C","1.171","E","Estimated value"
"ET","Temperature change","704","Viet Nam","7271","Temperature change","7020","Meteorological year","2019","2019","°C","1.864","E","Estimated value"
"ET","Temperature change","872","Wake Island","7271","Temperature change","7020","Meteorological year","2019","2019","°C","","O","Missing value"
"ET","Temperature change","876","Wallis and Futuna Islands","7271","Temperature change","7020","Meteorological year","2019","2019","°C","1.11","E","Estimated value"
"ET","Temperature change","732","Western Sahara","7271","Temperature change","7020","Meteorological year","2019","2019","°C","1.43","E","Estimated value"
"ET","Temperature change","887","Yemen","7271","Temperature change","7020","Meteorological year","2019","2019","°C","","O","Missing value"
"ET","Temperature change","894","Zambia","7271","Temperature change","7020","Meteorological year","2019","2019","°C","1.295","E","Estimated value"
"ET","Temperature change","716","Zimbabwe","7271","Temperature change","7020","Meteorological year","2019","2019","°C","0.939","E","Estimated value"
